Market,Segment,Occasion,Pack Size,Flavor,Channel,Price,WtP_Estimate,Elasticity,Unit_Sales,Revenue,Gross_Margin_%,Gross_Margin_Value
India,Low-SEC,Impulse,Small (20g),Classic Salted,7-Eleven,5,6.25,-0.62,506,2530,0.25,624.4
India,Low-SEC,Impulse,Small (20g),Classic Salted,Modern Trade,50,59.31,-1.43,528,26400,0.41,10887.93
India,Low-SEC,Impulse,Small (20g),Classic Salted,Traditional Trade,100,115.31,-1.28,477,47700,0.36,17049.26
India,Low-SEC,Impulse,Small (20g),Spicy,7-Eleven,10,12.54,-0.98,486,4860,0.24,1175.38
India,Low-SEC,Impulse,Small (20g),Spicy,Modern Trade,10,11.09,-0.95,520,5200,0.35,1842.21
India,Low-SEC,Impulse,Small (20g),Spicy,Traditional Trade,10,10.59,-0.79,447,4470,0.25,1122.67
India,Low-SEC,Impulse,Small (20g),Local Specialty,7-Eleven,5,5.7,-0.68,496,2480,0.35,864.41
India,Low-SEC,Impulse,Small (20g),Local Specialty,Modern Trade,5,5.85,-1.46,536,2680,0.4,1068.67
India,Low-SEC,Impulse,Small (20g),Local Specialty,Traditional Trade,20,24.42,-0.84,533,10660,0.48,5080.15
India,Low-SEC,Impulse,Small (20g),Health-Oriented,7-Eleven,50,50.2,-1.39,478,23900,0.3,7112.62
India,Low-SEC,Impulse,Small (20g),Health-Oriented,Modern Trade,5,5.26,-0.51,491,2455,0.36,890.7
India,Low-SEC,Impulse,Small (20g),Health-Oriented,Traditional Trade,100,112.8,-1.33,521,52100,0.5,25845.04
India,Low-SEC,Impulse,Medium (50g),Classic Salted,7-Eleven,5,5.66,-1.49,523,2615,0.42,1094.91
India,Low-SEC,Impulse,Medium (50g),Classic Salted,Modern Trade,70,88.28,-0.57,460,32200,0.23,7559.3
India,Low-SEC,Impulse,Medium (50g),Classic Salted,Traditional Trade,20,24.66,-1.1,456,9120,0.3,2713.7
India,Low-SEC,Impulse,Medium (50g),Spicy,7-Eleven,20,25.95,-0.62,509,10180,0.34,3478.14
India,Low-SEC,Impulse,Medium (50g),Spicy,Modern Trade,100,123.62,-0.59,504,50400,0.35,17546.19
India,Low-SEC,Impulse,Medium (50g),Spicy,Traditional Trade,70,79.48,-0.87,495,34650,0.23,8051.53
India,Low-SEC,Impulse,Medium (50g),Local Specialty,7-Eleven,10,12.09,-1.12,500,5000,0.27,1373.94
India,Low-SEC,Impulse,Medium (50g),Local Specialty,Modern Trade,10,11.7,-1.01,517,5170,0.22,1153.4
India,Low-SEC,Impulse,Medium (50g),Local Specialty,Traditional Trade,5,5.6,-0.38,522,2610,0.46,1204.35
India,Low-SEC,Impulse,Medium (50g),Health-Oriented,7-Eleven,50,57.49,-0.54,477,23850,0.36,8628.99
India,Low-SEC,Impulse,Medium (50g),Health-Oriented,Modern Trade,70,79.09,-1.23,495,34650,0.46,15877.29
India,Low-SEC,Impulse,Medium (50g),Health-Oriented,Traditional Trade,100,116.72,-1.49,501,50100,0.27,13358.28
India,Low-SEC,Impulse,Large (100g),Classic Salted,7-Eleven,5,5.83,-0.37,488,2440,0.41,1002.61
India,Low-SEC,Impulse,Large (100g),Classic Salted,Modern Trade,20,22.4,-1.06,483,9660,0.29,2803.95
India,Low-SEC,Impulse,Large (100g),Classic Salted,Traditional Trade,100,120.6,-1.44,485,48500,0.27,13185.63
India,Low-SEC,Impulse,Large (100g),Spicy,7-Eleven,100,144.63,-1.33,482,48200,0.43,20653.02
India,Low-SEC,Impulse,Large (100g),Spicy,Modern Trade,100,127.91,-1.06,509,50900,0.36,18361.28
India,Low-SEC,Impulse,Large (100g),Spicy,Traditional Trade,10,11.09,-1.39,525,5250,0.26,1343.77
India,Low-SEC,Impulse,Large (100g),Local Specialty,7-Eleven,70,84.7,-0.69,481,33670,0.25,8495.28
India,Low-SEC,Impulse,Large (100g),Local Specialty,Modern Trade,5,5.75,-0.67,493,2465,0.24,594.7
India,Low-SEC,Impulse,Large (100g),Local Specialty,Traditional Trade,100,112.17,-0.39,530,53000,0.4,21093.75
India,Low-SEC,Impulse,Large (100g),Health-Oriented,7-Eleven,100,116.78,-0.52,503,50300,0.27,13709.55
India,Low-SEC,Impulse,Large (100g),Health-Oriented,Modern Trade,70,85.82,-1.09,490,34300,0.47,16091.26
India,Low-SEC,Impulse,Large (100g),Health-Oriented,Traditional Trade,30,38.35,-0.44,520,15600,0.23,3513.78
India,Low-SEC,Impulse,Multi-pack,Classic Salted,7-Eleven,5,6.15,-1.49,475,2375,0.41,967.98
India,Low-SEC,Impulse,Multi-pack,Classic Salted,Modern Trade,5,5.64,-0.72,481,2405,0.27,652.18
India,Low-SEC,Impulse,Multi-pack,Classic Salted,Traditional Trade,70,92.11,-0.72,526,36820,0.37,13641.54
India,Low-SEC,Impulse,Multi-pack,Spicy,7-Eleven,5,5.59,-1.39,491,2455,0.27,670.7
India,Low-SEC,Impulse,Multi-pack,Spicy,Modern Trade,20,23.85,-0.43,508,10160,0.35,3564.04
India,Low-SEC,Impulse,Multi-pack,Spicy,Traditional Trade,100,123.41,-0.81,499,49900,0.42,20795.11
India,Low-SEC,Impulse,Multi-pack,Local Specialty,7-Eleven,50,54.65,-0.37,492,24600,0.48,11770.99
India,Low-SEC,Impulse,Multi-pack,Local Specialty,Modern Trade,5,6.24,-0.99,527,2635,0.32,831.42
India,Low-SEC,Impulse,Multi-pack,Local Specialty,Traditional Trade,50,57.77,-1.3,504,25200,0.41,10301.99
India,Low-SEC,Impulse,Multi-pack,Health-Oriented,7-Eleven,70,89.99,-0.82,465,32550,0.5,16177.88
India,Low-SEC,Impulse,Multi-pack,Health-Oriented,Modern Trade,5,6.03,-0.45,516,2580,0.41,1059.72
India,Low-SEC,Impulse,Multi-pack,Health-Oriented,Traditional Trade,30,32.57,-1.07,486,14580,0.44,6459.44
India,Low-SEC,Top-up,Small (20g),Classic Salted,7-Eleven,100,125.15,-0.54,510,51000,0.44,22375.63
India,Low-SEC,Top-up,Small (20g),Classic Salted,Modern Trade,50,79.26,-0.43,489,24450,0.23,5579.36
India,Low-SEC,Top-up,Small (20g),Classic Salted,Traditional Trade,5,5.76,-0.94,503,2515,0.38,948.78
India,Low-SEC,Top-up,Small (20g),Spicy,7-Eleven,20,24.16,-1.46,491,9820,0.36,3502.53
India,Low-SEC,Top-up,Small (20g),Spicy,Modern Trade,5,5.64,-0.75,463,2315,0.36,832.03
India,Low-SEC,Top-up,Small (20g),Spicy,Traditional Trade,100,126.8,-0.85,509,50900,0.49,25081.26
India,Low-SEC,Top-up,Small (20g),Local Specialty,7-Eleven,10,9.97,-0.55,484,4840,0.22,1081.92
India,Low-SEC,Top-up,Small (20g),Local Specialty,Modern Trade,50,60.93,-1.47,513,25650,0.25,6463.5
India,Low-SEC,Top-up,Small (20g),Local Specialty,Traditional Trade,50,57.63,-0.84,514,25700,0.28,7298.29
India,Low-SEC,Top-up,Small (20g),Health-Oriented,7-Eleven,100,113.47,-0.35,516,51600,0.38,19789.44
India,Low-SEC,Top-up,Small (20g),Health-Oriented,Modern Trade,100,104.81,-1.07,518,51800,0.23,12163.77
India,Low-SEC,Top-up,Small (20g),Health-Oriented,Traditional Trade,5,5.76,-1.44,514,2570,0.23,589.43
India,Low-SEC,Top-up,Medium (50g),Classic Salted,7-Eleven,70,61.31,-1.29,496,34720,0.38,13358.69
India,Low-SEC,Top-up,Medium (50g),Classic Salted,Modern Trade,50,54.88,-0.74,446,22300,0.39,8647
India,Low-SEC,Top-up,Medium (50g),Classic Salted,Traditional Trade,100,131.63,-0.71,475,47500,0.39,18654.47
India,Low-SEC,Top-up,Medium (50g),Spicy,7-Eleven,100,120.1,-1.47,505,50500,0.37,18818.43
India,Low-SEC,Top-up,Medium (50g),Spicy,Modern Trade,10,13.59,-0.95,503,5030,0.32,1588.63
India,Low-SEC,Top-up,Medium (50g),Spicy,Traditional Trade,10,10.76,-0.35,535,5350,0.22,1181.32
India,Low-SEC,Top-up,Medium (50g),Local Specialty,7-Eleven,5,6.14,-1.41,488,2440,0.21,505.04
India,Low-SEC,Top-up,Medium (50g),Local Specialty,Modern Trade,70,79.64,-0.52,485,33950,0.41,13886.27
India,Low-SEC,Top-up,Medium (50g),Local Specialty,Traditional Trade,50,64.5,-0.62,522,26100,0.25,6609.35
India,Low-SEC,Top-up,Medium (50g),Health-Oriented,7-Eleven,100,123.07,-0.6,494,49400,0.43,21386.44
India,Low-SEC,Top-up,Medium (50g),Health-Oriented,Modern Trade,30,37.64,-0.47,495,14850,0.43,6331.49
India,Low-SEC,Top-up,Medium (50g),Health-Oriented,Traditional Trade,50,58.99,-1.38,534,26700,0.45,11959.92
India,Low-SEC,Top-up,Large (100g),Classic Salted,7-Eleven,10,12.68,-1.03,464,4640,0.49,2250.49
India,Low-SEC,Top-up,Large (100g),Classic Salted,Modern Trade,5,5.84,-0.36,505,2525,0.33,844.7
India,Low-SEC,Top-up,Large (100g),Classic Salted,Traditional Trade,50,54.97,-0.69,517,25850,0.44,11293.49
India,Low-SEC,Top-up,Large (100g),Spicy,7-Eleven,70,75.5,-1.39,500,35000,0.36,12770.05
India,Low-SEC,Top-up,Large (100g),Spicy,Modern Trade,5,6.49,-1.08,469,2345,0.43,1004.72
India,Low-SEC,Top-up,Large (100g),Spicy,Traditional Trade,30,35.56,-0.76,466,13980,0.41,5735.86
India,Low-SEC,Top-up,Large (100g),Local Specialty,7-Eleven,10,11.53,-1.4,492,4920,0.48,2382.14
India,Low-SEC,Top-up,Large (100g),Local Specialty,Modern Trade,10,12.23,-0.32,517,5170,0.23,1163.51
India,Low-SEC,Top-up,Large (100g),Local Specialty,Traditional Trade,10,12.31,-0.99,535,5350,0.35,1860.66
India,Low-SEC,Top-up,Large (100g),Health-Oriented,7-Eleven,50,67.38,-1.49,498,24900,0.24,5867.57
India,Low-SEC,Top-up,Large (100g),Health-Oriented,Modern Trade,50,61.61,-0.6,505,25250,0.31,7889.64
India,Low-SEC,Top-up,Large (100g),Health-Oriented,Traditional Trade,50,55.86,-1.16,529,26450,0.49,12933.17
India,Low-SEC,Top-up,Multi-pack,Classic Salted,7-Eleven,5,6.11,-1.41,503,2515,0.36,897.68
India,Low-SEC,Top-up,Multi-pack,Classic Salted,Modern Trade,10,12.01,-0.74,513,5130,0.39,1991.81
India,Low-SEC,Top-up,Multi-pack,Classic Salted,Traditional Trade,20,25.74,-1.45,532,10640,0.39,4107.46
India,Low-SEC,Top-up,Multi-pack,Spicy,7-Eleven,20,24.37,-1.17,477,9540,0.31,2919.29
India,Low-SEC,Top-up,Multi-pack,Spicy,Modern Trade,10,11.24,-0.33,502,5020,0.44,2229.58
India,Low-SEC,Top-up,Multi-pack,Spicy,Traditional Trade,100,121.5,-0.68,475,47500,0.45,21221.16
India,Low-SEC,Top-up,Multi-pack,Local Specialty,7-Eleven,20,21.36,-0.38,528,10560,0.21,2195.53
India,Low-SEC,Top-up,Multi-pack,Local Specialty,Modern Trade,50,69.16,-1.05,473,23650,0.31,7432.42
India,Low-SEC,Top-up,Multi-pack,Local Specialty,Traditional Trade,70,83.2,-1,485,33950,0.46,15597.2
India,Low-SEC,Top-up,Multi-pack,Health-Oriented,7-Eleven,10,13.24,-0.52,503,5030,0.48,2431.65
India,Low-SEC,Top-up,Multi-pack,Health-Oriented,Modern Trade,100,115.5,-0.96,507,50700,0.4,20356.57
India,Low-SEC,Top-up,Multi-pack,Health-Oriented,Traditional Trade,70,88.36,-0.76,491,34370,0.4,13798.59
India,Low-SEC,Sharing,Small (20g),Classic Salted,7-Eleven,5,6.78,-0.88,527,2635,0.37,970.42
India,Low-SEC,Sharing,Small (20g),Classic Salted,Modern Trade,50,60.58,-0.45,494,24700,0.21,5153.28
India,Low-SEC,Sharing,Small (20g),Classic Salted,Traditional Trade,5,6.32,-0.66,480,2400,0.2,490.47
India,Low-SEC,Sharing,Small (20g),Spicy,7-Eleven,50,66.84,-1.08,506,25300,0.33,8380.43
India,Low-SEC,Sharing,Small (20g),Spicy,Modern Trade,50,58.65,-0.88,520,26000,0.39,10052.28
India,Low-SEC,Sharing,Small (20g),Spicy,Traditional Trade,20,25.44,-0.47,550,11000,0.48,5257.74
India,Low-SEC,Sharing,Small (20g),Local Specialty,7-Eleven,20,20.59,-0.95,489,9780,0.27,2660.59
India,Low-SEC,Sharing,Small (20g),Local Specialty,Modern Trade,50,59.72,-1.41,471,23550,0.25,5783.19
India,Low-SEC,Sharing,Small (20g),Local Specialty,Traditional Trade,20,24.73,-1.28,490,9800,0.34,3353.45
India,Low-SEC,Sharing,Small (20g),Health-Oriented,7-Eleven,30,33.18,-0.7,476,14280,0.21,3031.08
India,Low-SEC,Sharing,Small (20g),Health-Oriented,Modern Trade,5,5.73,-1.29,464,2320,0.34,784.7
India,Low-SEC,Sharing,Small (20g),Health-Oriented,Traditional Trade,20,22.41,-1.25,491,9820,0.41,3997.9
India,Low-SEC,Sharing,Medium (50g),Classic Salted,7-Eleven,5,5.65,-0.45,539,2695,0.28,762.86
India,Low-SEC,Sharing,Medium (50g),Classic Salted,Modern Trade,70,85.5,-0.53,517,36190,0.26,9510.91
India,Low-SEC,Sharing,Medium (50g),Classic Salted,Traditional Trade,20,23.45,-0.76,491,9820,0.42,4166.05
India,Low-SEC,Sharing,Medium (50g),Spicy,7-Eleven,5,4.85,-1.46,483,2415,0.47,1131.58
India,Low-SEC,Sharing,Medium (50g),Spicy,Modern Trade,70,105.55,-1.37,497,34790,0.27,9488.66
India,Low-SEC,Sharing,Medium (50g),Spicy,Traditional Trade,30,39.36,-1.18,492,14760,0.3,4378.17
India,Low-SEC,Sharing,Medium (50g),Local Specialty,7-Eleven,50,56.77,-1.36,532,26600,0.4,10739.24
India,Low-SEC,Sharing,Medium (50g),Local Specialty,Modern Trade,70,76.43,-0.55,500,35000,0.36,12639.62
India,Low-SEC,Sharing,Medium (50g),Local Specialty,Traditional Trade,20,27.05,-0.98,471,9420,0.31,2910.07
India,Low-SEC,Sharing,Medium (50g),Health-Oriented,7-Eleven,5,6.27,-0.72,504,2520,0.5,1249.81
India,Low-SEC,Sharing,Medium (50g),Health-Oriented,Modern Trade,5,5.3,-1.38,474,2370,0.25,588.24
India,Low-SEC,Sharing,Medium (50g),Health-Oriented,Traditional Trade,20,25.13,-1.28,486,9720,0.47,4558.97
India,Low-SEC,Sharing,Large (100g),Classic Salted,7-Eleven,20,24.1,-1.01,493,9860,0.46,4532.17
India,Low-SEC,Sharing,Large (100g),Classic Salted,Modern Trade,30,33.51,-0.52,483,14490,0.4,5804.59
India,Low-SEC,Sharing,Large (100g),Classic Salted,Traditional Trade,100,120.99,-0.81,485,48500,0.26,12421.49
India,Low-SEC,Sharing,Large (100g),Spicy,7-Eleven,30,38.25,-1.11,495,14850,0.27,4049.94
India,Low-SEC,Sharing,Large (100g),Spicy,Modern Trade,10,12.26,-1.15,505,5050,0.34,1738.93
India,Low-SEC,Sharing,Large (100g),Spicy,Traditional Trade,100,110.96,-0.86,450,45000,0.24,10814.6
India,Low-SEC,Sharing,Large (100g),Local Specialty,7-Eleven,20,26.01,-1.19,512,10240,0.38,3877.8
India,Low-SEC,Sharing,Large (100g),Local Specialty,Modern Trade,30,34.27,-0.93,494,14820,0.48,7096.69
India,Low-SEC,Sharing,Large (100g),Local Specialty,Traditional Trade,50,61.86,-0.37,477,23850,0.42,10072.72
India,Low-SEC,Sharing,Large (100g),Health-Oriented,7-Eleven,100,113.96,-0.81,526,52600,0.44,23069.32
India,Low-SEC,Sharing,Large (100g),Health-Oriented,Modern Trade,5,5.76,-1.3,523,2615,0.36,933.34
India,Low-SEC,Sharing,Large (100g),Health-Oriented,Traditional Trade,20,23.13,-1.07,530,10600,0.44,4716.79
India,Low-SEC,Sharing,Multi-pack,Classic Salted,7-Eleven,5,4.98,-0.94,487,2435,0.35,854.24
India,Low-SEC,Sharing,Multi-pack,Classic Salted,Modern Trade,50,54.96,-1.22,534,26700,0.36,9693.86
India,Low-SEC,Sharing,Multi-pack,Classic Salted,Traditional Trade,100,122.36,-1.36,545,54500,0.3,16375.71
India,Low-SEC,Sharing,Multi-pack,Spicy,7-Eleven,70,89.4,-1.33,521,36470,0.36,13130.6
India,Low-SEC,Sharing,Multi-pack,Spicy,Modern Trade,30,36.55,-1.32,487,14610,0.42,6182.72
India,Low-SEC,Sharing,Multi-pack,Spicy,Traditional Trade,100,122.48,-1.46,504,50400,0.46,23336.7
India,Low-SEC,Sharing,Multi-pack,Local Specialty,7-Eleven,100,130.38,-1.37,526,52600,0.32,16789.19
India,Low-SEC,Sharing,Multi-pack,Local Specialty,Modern Trade,30,34.47,-0.54,473,14190,0.42,5912.63
India,Low-SEC,Sharing,Multi-pack,Local Specialty,Traditional Trade,5,6.43,-0.67,503,2515,0.3,763.83
India,Low-SEC,Sharing,Multi-pack,Health-Oriented,7-Eleven,100,133.56,-1.28,536,53600,0.32,17165.69
India,Low-SEC,Sharing,Multi-pack,Health-Oriented,Modern Trade,30,37.96,-1.32,505,15150,0.38,5809.06
India,Low-SEC,Sharing,Multi-pack,Health-Oriented,Traditional Trade,50,59.72,-1.48,529,26450,0.37,9774.33
India,Low-SEC,Health-conscious,Small (20g),Classic Salted,7-Eleven,100,124.81,-0.65,474,47400,0.38,18107.49
India,Low-SEC,Health-conscious,Small (20g),Classic Salted,Modern Trade,5,6.11,-0.99,540,2700,0.23,631.72
India,Low-SEC,Health-conscious,Small (20g),Classic Salted,Traditional Trade,5,6.03,-0.79,493,2465,0.3,740.88
India,Low-SEC,Health-conscious,Small (20g),Spicy,7-Eleven,100,130.94,-0.54,493,49300,0.48,23464.66
India,Low-SEC,Health-conscious,Small (20g),Spicy,Modern Trade,30,32.13,-0.61,497,14910,0.34,5005.76
India,Low-SEC,Health-conscious,Small (20g),Spicy,Traditional Trade,100,107.05,-1.33,476,47600,0.33,15502.26
India,Low-SEC,Health-conscious,Small (20g),Local Specialty,7-Eleven,100,117.69,-0.8,509,50900,0.4,20312.22
India,Low-SEC,Health-conscious,Small (20g),Local Specialty,Modern Trade,20,25.39,-1.29,559,11180,0.32,3626.65
India,Low-SEC,Health-conscious,Small (20g),Local Specialty,Traditional Trade,30,43.72,-1.42,517,15510,0.47,7280.65
India,Low-SEC,Health-conscious,Small (20g),Health-Oriented,7-Eleven,5,6.03,-1.25,478,2390,0.34,816.47
India,Low-SEC,Health-conscious,Small (20g),Health-Oriented,Modern Trade,70,79.01,-0.57,497,34790,0.33,11558.24
India,Low-SEC,Health-conscious,Small (20g),Health-Oriented,Traditional Trade,10,12.11,-1.02,504,5040,0.25,1283.08
India,Low-SEC,Health-conscious,Medium (50g),Classic Salted,7-Eleven,10,10.59,-0.73,494,4940,0.25,1219.42
India,Low-SEC,Health-conscious,Medium (50g),Classic Salted,Modern Trade,10,11.22,-0.64,510,5100,0.27,1359.62
India,Low-SEC,Health-conscious,Medium (50g),Classic Salted,Traditional Trade,5,6.36,-1.48,467,2335,0.25,592.07
India,Low-SEC,Health-conscious,Medium (50g),Spicy,7-Eleven,100,108.71,-0.72,482,48200,0.27,13156.27
India,Low-SEC,Health-conscious,Medium (50g),Spicy,Modern Trade,30,38.13,-0.5,493,14790,0.26,3867.52
India,Low-SEC,Health-conscious,Medium (50g),Spicy,Traditional Trade,20,24.89,-1.15,533,10660,0.23,2405.46
India,Low-SEC,Health-conscious,Medium (50g),Local Specialty,7-Eleven,70,86.28,-0.99,533,37310,0.3,11287.96
India,Low-SEC,Health-conscious,Medium (50g),Local Specialty,Modern Trade,5,5.37,-1.19,492,2460,0.28,689.83
India,Low-SEC,Health-conscious,Medium (50g),Local Specialty,Traditional Trade,5,5.36,-0.84,496,2480,0.48,1201.65
India,Low-SEC,Health-conscious,Medium (50g),Health-Oriented,7-Eleven,50,68.77,-0.58,472,23600,0.35,8171.01
India,Low-SEC,Health-conscious,Medium (50g),Health-Oriented,Modern Trade,100,121.14,-0.99,503,50300,0.28,13951.53
India,Low-SEC,Health-conscious,Medium (50g),Health-Oriented,Traditional Trade,30,36.45,-1.33,502,15060,0.28,4242.28
India,Low-SEC,Health-conscious,Large (100g),Classic Salted,7-Eleven,100,121.96,-1.17,503,50300,0.45,22580.8
India,Low-SEC,Health-conscious,Large (100g),Classic Salted,Modern Trade,50,55.11,-1.25,534,26700,0.38,10125.28
India,Low-SEC,Health-conscious,Large (100g),Classic Salted,Traditional Trade,70,95.66,-1.29,537,37590,0.31,11838.65
India,Low-SEC,Health-conscious,Large (100g),Spicy,7-Eleven,20,26.03,-0.88,447,8940,0.42,3767.41
India,Low-SEC,Health-conscious,Large (100g),Spicy,Modern Trade,20,24.37,-1.21,493,9860,0.31,3024.08
India,Low-SEC,Health-conscious,Large (100g),Spicy,Traditional Trade,10,11.24,-0.64,486,4860,0.34,1666.08
India,Low-SEC,Health-conscious,Large (100g),Local Specialty,7-Eleven,30,37.48,-0.62,480,14400,0.28,4012.98
India,Low-SEC,Health-conscious,Large (100g),Local Specialty,Modern Trade,20,24.37,-0.79,450,9000,0.38,3411.48
India,Low-SEC,Health-conscious,Large (100g),Local Specialty,Traditional Trade,70,92.04,-1.37,460,32200,0.35,11226.45
India,Low-SEC,Health-conscious,Large (100g),Health-Oriented,7-Eleven,20,22.59,-0.67,496,9920,0.45,4421.65
India,Low-SEC,Health-conscious,Large (100g),Health-Oriented,Modern Trade,30,37.9,-1.17,506,15180,0.23,3453.06
India,Low-SEC,Health-conscious,Large (100g),Health-Oriented,Traditional Trade,50,64.86,-0.4,496,24800,0.36,8991.74
India,Low-SEC,Health-conscious,Multi-pack,Classic Salted,7-Eleven,100,123.8,-0.53,510,51000,0.45,23192.69
India,Low-SEC,Health-conscious,Multi-pack,Classic Salted,Modern Trade,70,88.27,-1.2,499,34930,0.5,17335.77
India,Low-SEC,Health-conscious,Multi-pack,Classic Salted,Traditional Trade,30,37.29,-1.28,504,15120,0.21,3177.98
India,Low-SEC,Health-conscious,Multi-pack,Spicy,7-Eleven,70,85.45,-0.66,486,34020,0.49,16714.62
India,Low-SEC,Health-conscious,Multi-pack,Spicy,Modern Trade,70,83.72,-0.47,526,36820,0.45,16520.2
India,Low-SEC,Health-conscious,Multi-pack,Spicy,Traditional Trade,10,12.68,-1.46,506,5060,0.24,1195.02
India,Low-SEC,Health-conscious,Multi-pack,Local Specialty,7-Eleven,10,12.22,-1.09,515,5150,0.29,1517.12
India,Low-SEC,Health-conscious,Multi-pack,Local Specialty,Modern Trade,70,80.65,-0.85,520,36400,0.39,14114.73
India,Low-SEC,Health-conscious,Multi-pack,Local Specialty,Traditional Trade,30,36.8,-1.22,502,15060,0.44,6620.9
India,Low-SEC,Health-conscious,Multi-pack,Health-Oriented,7-Eleven,100,128.9,-0.3,490,49000,0.32,15708.38
India,Low-SEC,Health-conscious,Multi-pack,Health-Oriented,Modern Trade,50,71.49,-0.45,495,24750,0.42,10426.55
India,Low-SEC,Health-conscious,Multi-pack,Health-Oriented,Traditional Trade,20,23.27,-1.21,468,9360,0.29,2678.57
India,Mid-SEC,Impulse,Small (20g),Classic Salted,7-Eleven,10,11,-1.45,495,4950,0.4,1999.28
India,Mid-SEC,Impulse,Small (20g),Classic Salted,Modern Trade,70,78.63,-1.24,550,38500,0.23,8732.7
India,Mid-SEC,Impulse,Small (20g),Classic Salted,Traditional Trade,5,6.49,-0.37,498,2490,0.25,622.77
India,Mid-SEC,Impulse,Small (20g),Spicy,7-Eleven,30,35.36,-0.31,510,15300,0.35,5413.24
India,Mid-SEC,Impulse,Small (20g),Spicy,Modern Trade,20,22.72,-1.24,477,9540,0.31,2910.06
India,Mid-SEC,Impulse,Small (20g),Spicy,Traditional Trade,10,11.47,-1.43,476,4760,0.43,2034.76
India,Mid-SEC,Impulse,Small (20g),Local Specialty,7-Eleven,70,78.17,-0.52,481,33670,0.36,12157.98
India,Mid-SEC,Impulse,Small (20g),Local Specialty,Modern Trade,30,37.41,-0.79,505,15150,0.46,7018.06
India,Mid-SEC,Impulse,Small (20g),Local Specialty,Traditional Trade,20,22.77,-0.43,522,10440,0.37,3813.29
India,Mid-SEC,Impulse,Small (20g),Health-Oriented,7-Eleven,5,5.81,-1.4,494,2470,0.28,686.48
India,Mid-SEC,Impulse,Small (20g),Health-Oriented,Modern Trade,70,83.77,-1.4,480,33600,0.22,7487.4
India,Mid-SEC,Impulse,Small (20g),Health-Oriented,Traditional Trade,5,6.9,-0.48,500,2500,0.38,944.31
India,Mid-SEC,Impulse,Medium (50g),Classic Salted,7-Eleven,100,115.11,-0.69,504,50400,0.46,23364.89
India,Mid-SEC,Impulse,Medium (50g),Classic Salted,Modern Trade,20,26.09,-0.54,510,10200,0.46,4693.92
India,Mid-SEC,Impulse,Medium (50g),Classic Salted,Traditional Trade,100,128.2,-0.66,512,51200,0.43,21801.73
India,Mid-SEC,Impulse,Medium (50g),Spicy,7-Eleven,30,37.52,-1.31,531,15930,0.21,3325.77
India,Mid-SEC,Impulse,Medium (50g),Spicy,Modern Trade,5,5.92,-1.1,517,2585,0.45,1151.33
India,Mid-SEC,Impulse,Medium (50g),Spicy,Traditional Trade,50,60.73,-0.5,500,25000,0.29,7152.79
India,Mid-SEC,Impulse,Medium (50g),Local Specialty,7-Eleven,10,12.19,-0.74,484,4840,0.36,1752.06
India,Mid-SEC,Impulse,Medium (50g),Local Specialty,Modern Trade,20,24.09,-0.56,467,9340,0.36,3384.63
India,Mid-SEC,Impulse,Medium (50g),Local Specialty,Traditional Trade,30,35.71,-0.74,542,16260,0.48,7823.8
India,Mid-SEC,Impulse,Medium (50g),Health-Oriented,7-Eleven,30,36.84,-0.67,458,13740,0.41,5667.09
India,Mid-SEC,Impulse,Medium (50g),Health-Oriented,Modern Trade,100,121.33,-1.08,508,50800,0.46,23442.22
India,Mid-SEC,Impulse,Medium (50g),Health-Oriented,Traditional Trade,100,113,-0.33,471,47100,0.21,9767.41
India,Mid-SEC,Impulse,Large (100g),Classic Salted,7-Eleven,20,27.13,-0.68,496,9920,0.5,4951.44
India,Mid-SEC,Impulse,Large (100g),Classic Salted,Modern Trade,70,83.54,-0.99,497,34790,0.44,15253.43
India,Mid-SEC,Impulse,Large (100g),Classic Salted,Traditional Trade,5,5.49,-1.4,512,2560,0.28,721.86
India,Mid-SEC,Impulse,Large (100g),Spicy,7-Eleven,30,38.13,-0.36,474,14220,0.48,6869.47
India,Mid-SEC,Impulse,Large (100g),Spicy,Modern Trade,10,13.85,-1.02,494,4940,0.27,1328.79
India,Mid-SEC,Impulse,Large (100g),Spicy,Traditional Trade,50,54.65,-1.24,491,24550,0.34,8395.19
India,Mid-SEC,Impulse,Large (100g),Local Specialty,7-Eleven,70,86.4,-0.57,526,36820,0.39,14281.23
India,Mid-SEC,Impulse,Large (100g),Local Specialty,Modern Trade,30,37.37,-1.34,507,15210,0.34,5239.19
India,Mid-SEC,Impulse,Large (100g),Local Specialty,Traditional Trade,5,5.66,-1.26,499,2495,0.37,934.61
India,Mid-SEC,Impulse,Large (100g),Health-Oriented,7-Eleven,100,138.01,-1.18,521,52100,0.34,17535.09
India,Mid-SEC,Impulse,Large (100g),Health-Oriented,Modern Trade,100,115.48,-0.78,486,48600,0.46,22260.58
India,Mid-SEC,Impulse,Large (100g),Health-Oriented,Traditional Trade,5,4.79,-0.56,467,2335,0.5,1158.16
India,Mid-SEC,Impulse,Multi-pack,Classic Salted,7-Eleven,5,6,-0.76,513,2565,0.2,520.52
India,Mid-SEC,Impulse,Multi-pack,Classic Salted,Modern Trade,100,108.42,-1.11,501,50100,0.31,15289.92
India,Mid-SEC,Impulse,Multi-pack,Classic Salted,Traditional Trade,70,76.99,-0.82,512,35840,0.26,9320.02
India,Mid-SEC,Impulse,Multi-pack,Spicy,7-Eleven,100,117.19,-1.3,467,46700,0.41,19237.72
India,Mid-SEC,Impulse,Multi-pack,Spicy,Modern Trade,70,84.42,-0.65,529,37030,0.44,16312.4
India,Mid-SEC,Impulse,Multi-pack,Spicy,Traditional Trade,100,113.53,-1.09,523,52300,0.47,24499.67
India,Mid-SEC,Impulse,Multi-pack,Local Specialty,7-Eleven,100,133.17,-0.96,509,50900,0.42,21351.37
India,Mid-SEC,Impulse,Multi-pack,Local Specialty,Modern Trade,5,6.1,-1.4,455,2275,0.25,563.89
India,Mid-SEC,Impulse,Multi-pack,Local Specialty,Traditional Trade,20,23.36,-0.33,489,9780,0.44,4272.98
India,Mid-SEC,Impulse,Multi-pack,Health-Oriented,7-Eleven,5,6.21,-0.71,500,2500,0.42,1039.4
India,Mid-SEC,Impulse,Multi-pack,Health-Oriented,Modern Trade,70,84.27,-1.26,512,35840,0.21,7497.58
India,Mid-SEC,Impulse,Multi-pack,Health-Oriented,Traditional Trade,10,12.12,-1.19,498,4980,0.42,2082.39
India,Mid-SEC,Top-up,Small (20g),Classic Salted,7-Eleven,70,80.62,-1.08,492,34440,0.21,7302.41
India,Mid-SEC,Top-up,Small (20g),Classic Salted,Modern Trade,20,27.15,-0.46,505,10100,0.42,4217.53
India,Mid-SEC,Top-up,Small (20g),Classic Salted,Traditional Trade,70,91.55,-0.42,495,34650,0.38,13087.48
India,Mid-SEC,Top-up,Small (20g),Spicy,7-Eleven,30,35.88,-0.41,480,14400,0.39,5608.34
India,Mid-SEC,Top-up,Small (20g),Spicy,Modern Trade,100,113.74,-0.64,536,53600,0.27,14539.7
India,Mid-SEC,Top-up,Small (20g),Spicy,Traditional Trade,50,61.98,-0.33,477,23850,0.35,8292.25
India,Mid-SEC,Top-up,Small (20g),Local Specialty,7-Eleven,30,37.63,-0.97,501,15030,0.38,5679.62
India,Mid-SEC,Top-up,Small (20g),Local Specialty,Modern Trade,10,11.63,-1.3,493,4930,0.28,1367.78
India,Mid-SEC,Top-up,Small (20g),Local Specialty,Traditional Trade,50,53.53,-0.57,497,24850,0.22,5517.92
India,Mid-SEC,Top-up,Small (20g),Health-Oriented,7-Eleven,100,131.61,-1.3,501,50100,0.45,22478.12
India,Mid-SEC,Top-up,Small (20g),Health-Oriented,Modern Trade,70,73.1,-0.76,514,35980,0.25,9005.28
India,Mid-SEC,Top-up,Small (20g),Health-Oriented,Traditional Trade,100,115.72,-1.46,516,51600,0.34,17667.29
India,Mid-SEC,Top-up,Medium (50g),Classic Salted,7-Eleven,50,61.91,-0.8,529,26450,0.23,6178.08
India,Mid-SEC,Top-up,Medium (50g),Classic Salted,Modern Trade,70,87.01,-1.18,453,31710,0.48,15251.93
India,Mid-SEC,Top-up,Medium (50g),Classic Salted,Traditional Trade,5,6.37,-1.12,500,2500,0.24,611.26
India,Mid-SEC,Top-up,Medium (50g),Spicy,7-Eleven,50,59.6,-0.32,563,28150,0.49,13668.05
India,Mid-SEC,Top-up,Medium (50g),Spicy,Modern Trade,30,38.75,-0.95,501,15030,0.4,6012.89
India,Mid-SEC,Top-up,Medium (50g),Spicy,Traditional Trade,30,37.04,-1.33,514,15420,0.4,6199.3
India,Mid-SEC,Top-up,Medium (50g),Local Specialty,7-Eleven,100,113.76,-0.46,476,47600,0.45,21488.29
India,Mid-SEC,Top-up,Medium (50g),Local Specialty,Modern Trade,20,27.83,-0.37,512,10240,0.39,3946.03
India,Mid-SEC,Top-up,Medium (50g),Local Specialty,Traditional Trade,20,24.4,-1.46,542,10840,0.4,4368.02
India,Mid-SEC,Top-up,Medium (50g),Health-Oriented,7-Eleven,5,6.53,-1.24,510,2550,0.4,1008.19
India,Mid-SEC,Top-up,Medium (50g),Health-Oriented,Modern Trade,20,24.61,-0.3,494,9880,0.43,4294.99
India,Mid-SEC,Top-up,Medium (50g),Health-Oriented,Traditional Trade,20,22.49,-0.82,516,10320,0.32,3315.22
India,Mid-SEC,Top-up,Large (100g),Classic Salted,7-Eleven,50,65.95,-0.53,518,25900,0.33,8564.48
India,Mid-SEC,Top-up,Large (100g),Classic Salted,Modern Trade,50,53.86,-0.52,469,23450,0.2,4730.51
India,Mid-SEC,Top-up,Large (100g),Classic Salted,Traditional Trade,50,54.52,-1.02,513,25650,0.33,8582.7
India,Mid-SEC,Top-up,Large (100g),Spicy,7-Eleven,100,105.6,-1.21,492,49200,0.22,10920.37
India,Mid-SEC,Top-up,Large (100g),Spicy,Modern Trade,5,6.82,-0.76,498,2490,0.46,1142.91
India,Mid-SEC,Top-up,Large (100g),Spicy,Traditional Trade,50,65.05,-0.88,499,24950,0.3,7544.24
India,Mid-SEC,Top-up,Large (100g),Local Specialty,7-Eleven,30,31.83,-0.8,502,15060,0.43,6467.74
India,Mid-SEC,Top-up,Large (100g),Local Specialty,Modern Trade,10,10.35,-0.52,534,5340,0.48,2553.11
India,Mid-SEC,Top-up,Large (100g),Local Specialty,Traditional Trade,20,22.49,-0.92,483,9660,0.29,2822.53
India,Mid-SEC,Top-up,Large (100g),Health-Oriented,7-Eleven,70,82.04,-0.54,502,35140,0.38,13462.14
India,Mid-SEC,Top-up,Large (100g),Health-Oriented,Modern Trade,20,22.02,-1,470,9400,0.4,3800.75
India,Mid-SEC,Top-up,Large (100g),Health-Oriented,Traditional Trade,20,25.88,-1.28,502,10040,0.23,2329.91
India,Mid-SEC,Top-up,Multi-pack,Classic Salted,7-Eleven,50,52.04,-0.34,499,24950,0.37,9108.45
India,Mid-SEC,Top-up,Multi-pack,Classic Salted,Modern Trade,20,24.88,-1.45,509,10180,0.38,3873.32
India,Mid-SEC,Top-up,Multi-pack,Classic Salted,Traditional Trade,5,6.02,-1.23,480,2400,0.32,775.94
India,Mid-SEC,Top-up,Multi-pack,Spicy,7-Eleven,5,6.02,-0.49,534,2670,0.27,723.73
India,Mid-SEC,Top-up,Multi-pack,Spicy,Modern Trade,50,56.41,-0.51,495,24750,0.23,5659.35
India,Mid-SEC,Top-up,Multi-pack,Spicy,Traditional Trade,70,90.26,-0.75,497,34790,0.25,8711.56
India,Mid-SEC,Top-up,Multi-pack,Local Specialty,7-Eleven,30,37.9,-1.24,465,13950,0.39,5476.65
India,Mid-SEC,Top-up,Multi-pack,Local Specialty,Modern Trade,20,24.83,-0.77,503,10060,0.32,3191.75
India,Mid-SEC,Top-up,Multi-pack,Local Specialty,Traditional Trade,100,119.12,-0.31,472,47200,0.32,15165.15
India,Mid-SEC,Top-up,Multi-pack,Health-Oriented,7-Eleven,70,102.06,-0.99,515,36050,0.5,17930.43
India,Mid-SEC,Top-up,Multi-pack,Health-Oriented,Modern Trade,10,12.57,-1.17,461,4610,0.47,2158.67
India,Mid-SEC,Top-up,Multi-pack,Health-Oriented,Traditional Trade,20,27.26,-1.27,488,9760,0.31,2991.43
India,Mid-SEC,Sharing,Small (20g),Classic Salted,7-Eleven,20,24.07,-1.42,521,10420,0.36,3772.08
India,Mid-SEC,Sharing,Small (20g),Classic Salted,Modern Trade,20,22.46,-0.44,510,10200,0.3,3032.46
India,Mid-SEC,Sharing,Small (20g),Classic Salted,Traditional Trade,20,26.46,-0.31,511,10220,0.42,4284.17
India,Mid-SEC,Sharing,Small (20g),Spicy,7-Eleven,20,21.58,-0.94,455,9100,0.49,4434.32
India,Mid-SEC,Sharing,Small (20g),Spicy,Modern Trade,100,125.39,-1.26,502,50200,0.34,16822.59
India,Mid-SEC,Sharing,Small (20g),Spicy,Traditional Trade,30,33.24,-0.59,490,14700,0.44,6447.93
India,Mid-SEC,Sharing,Small (20g),Local Specialty,7-Eleven,10,10.91,-0.31,540,5400,0.45,2444.09
India,Mid-SEC,Sharing,Small (20g),Local Specialty,Modern Trade,50,58.42,-0.87,508,25400,0.43,10835.16
India,Mid-SEC,Sharing,Small (20g),Local Specialty,Traditional Trade,70,84.93,-0.56,514,35980,0.29,10467.97
India,Mid-SEC,Sharing,Small (20g),Health-Oriented,7-Eleven,10,11.85,-1.18,491,4910,0.48,2362.14
India,Mid-SEC,Sharing,Small (20g),Health-Oriented,Modern Trade,10,10.16,-1.02,497,4970,0.35,1762.88
India,Mid-SEC,Sharing,Small (20g),Health-Oriented,Traditional Trade,100,125.08,-0.4,527,52700,0.48,25252.71
India,Mid-SEC,Sharing,Medium (50g),Classic Salted,7-Eleven,100,120.82,-1.04,530,53000,0.44,23414.21
India,Mid-SEC,Sharing,Medium (50g),Classic Salted,Modern Trade,20,23.8,-0.55,487,9740,0.32,3125.51
India,Mid-SEC,Sharing,Medium (50g),Classic Salted,Traditional Trade,20,25.07,-1.08,523,10460,0.46,4797
India,Mid-SEC,Sharing,Medium (50g),Spicy,7-Eleven,70,77.71,-0.39,499,34930,0.43,15000.44
India,Mid-SEC,Sharing,Medium (50g),Spicy,Modern Trade,50,60.05,-1.02,473,23650,0.22,5213.68
India,Mid-SEC,Sharing,Medium (50g),Spicy,Traditional Trade,100,106.88,-1.47,503,50300,0.33,16586.39
India,Mid-SEC,Sharing,Medium (50g),Local Specialty,7-Eleven,70,84.45,-0.97,467,32690,0.26,8656.69
India,Mid-SEC,Sharing,Medium (50g),Local Specialty,Modern Trade,30,30.07,-0.76,510,15300,0.22,3341.59
India,Mid-SEC,Sharing,Medium (50g),Local Specialty,Traditional Trade,20,23.57,-1.43,482,9640,0.24,2279.05
India,Mid-SEC,Sharing,Medium (50g),Health-Oriented,7-Eleven,30,40.47,-1.14,466,13980,0.22,3057.25
India,Mid-SEC,Sharing,Medium (50g),Health-Oriented,Modern Trade,70,85.12,-0.52,507,35490,0.39,13740.62
India,Mid-SEC,Sharing,Medium (50g),Health-Oriented,Traditional Trade,50,60.02,-0.87,495,24750,0.47,11533.04
India,Mid-SEC,Sharing,Large (100g),Classic Salted,7-Eleven,30,31.9,-1.06,494,14820,0.42,6225.65
India,Mid-SEC,Sharing,Large (100g),Classic Salted,Modern Trade,100,117.75,-0.58,499,49900,0.28,13869.4
India,Mid-SEC,Sharing,Large (100g),Classic Salted,Traditional Trade,30,34.36,-0.86,480,14400,0.27,3921.99
India,Mid-SEC,Sharing,Large (100g),Spicy,7-Eleven,70,86.74,-0.33,499,34930,0.36,12728.07
India,Mid-SEC,Sharing,Large (100g),Spicy,Modern Trade,70,92.38,-1.38,499,34930,0.3,10388.28
India,Mid-SEC,Sharing,Large (100g),Spicy,Traditional Trade,5,5.92,-0.62,498,2490,0.32,792.67
India,Mid-SEC,Sharing,Large (100g),Local Specialty,7-Eleven,50,67.36,-0.43,488,24400,0.33,8083.25
India,Mid-SEC,Sharing,Large (100g),Local Specialty,Modern Trade,5,5.9,-1.19,525,2625,0.47,1235.14
India,Mid-SEC,Sharing,Large (100g),Local Specialty,Traditional Trade,30,42.47,-0.71,533,15990,0.38,6143.04
India,Mid-SEC,Sharing,Large (100g),Health-Oriented,7-Eleven,100,113.94,-1.42,501,50100,0.42,21103.63
India,Mid-SEC,Sharing,Large (100g),Health-Oriented,Modern Trade,30,42.04,-1.45,463,13890,0.22,3078.38
India,Mid-SEC,Sharing,Large (100g),Health-Oriented,Traditional Trade,50,60.68,-1.41,516,25800,0.29,7455.19
India,Mid-SEC,Sharing,Multi-pack,Classic Salted,7-Eleven,10,13.2,-0.71,477,4770,0.23,1094.8
India,Mid-SEC,Sharing,Multi-pack,Classic Salted,Modern Trade,30,34.03,-0.71,518,15540,0.21,3205.65
India,Mid-SEC,Sharing,Multi-pack,Classic Salted,Traditional Trade,30,38.99,-0.75,492,14760,0.24,3489.5
India,Mid-SEC,Sharing,Multi-pack,Spicy,7-Eleven,20,22.49,-0.76,519,10380,0.36,3727.36
India,Mid-SEC,Sharing,Multi-pack,Spicy,Modern Trade,20,22.71,-0.32,506,10120,0.42,4295.15
India,Mid-SEC,Sharing,Multi-pack,Spicy,Traditional Trade,100,129.28,-0.53,510,51000,0.3,15375.49
India,Mid-SEC,Sharing,Multi-pack,Local Specialty,7-Eleven,30,32.87,-0.97,507,15210,0.27,4140.28
India,Mid-SEC,Sharing,Multi-pack,Local Specialty,Modern Trade,70,70.24,-1.35,478,33460,0.39,13174.65
India,Mid-SEC,Sharing,Multi-pack,Local Specialty,Traditional Trade,10,12.86,-0.47,483,4830,0.34,1633.32
India,Mid-SEC,Sharing,Multi-pack,Health-Oriented,7-Eleven,5,5.71,-0.49,515,2575,0.4,1021.89
India,Mid-SEC,Sharing,Multi-pack,Health-Oriented,Modern Trade,50,60.91,-0.32,544,27200,0.25,6784.89
India,Mid-SEC,Sharing,Multi-pack,Health-Oriented,Traditional Trade,5,5.35,-1.34,515,2575,0.26,679.94
India,Mid-SEC,Health-conscious,Small (20g),Classic Salted,7-Eleven,20,26.48,-0.62,503,10060,0.35,3546.23
India,Mid-SEC,Health-conscious,Small (20g),Classic Salted,Modern Trade,100,120.21,-1.14,504,50400,0.46,23284.64
India,Mid-SEC,Health-conscious,Small (20g),Classic Salted,Traditional Trade,20,26.58,-1.31,497,9940,0.27,2723.6
India,Mid-SEC,Health-conscious,Small (20g),Spicy,7-Eleven,5,6.34,-0.63,494,2470,0.26,645.19
India,Mid-SEC,Health-conscious,Small (20g),Spicy,Modern Trade,100,136.7,-0.76,477,47700,0.44,20756.06
India,Mid-SEC,Health-conscious,Small (20g),Spicy,Traditional Trade,100,123.95,-0.83,491,49100,0.24,12013.12
India,Mid-SEC,Health-conscious,Small (20g),Local Specialty,7-Eleven,100,127.22,-0.3,491,49100,0.42,20456.1
India,Mid-SEC,Health-conscious,Small (20g),Local Specialty,Modern Trade,10,11.63,-0.44,506,5060,0.32,1638.36
India,Mid-SEC,Health-conscious,Small (20g),Local Specialty,Traditional Trade,100,104.74,-0.55,465,46500,0.34,16009.57
India,Mid-SEC,Health-conscious,Small (20g),Health-Oriented,7-Eleven,30,39.79,-0.73,457,13710,0.37,5051.39
India,Mid-SEC,Health-conscious,Small (20g),Health-Oriented,Modern Trade,70,98.43,-0.69,522,36540,0.45,16352.19
India,Mid-SEC,Health-conscious,Small (20g),Health-Oriented,Traditional Trade,50,66.04,-0.9,461,23050,0.3,6921.26
India,Mid-SEC,Health-conscious,Medium (50g),Classic Salted,7-Eleven,20,25.39,-0.55,501,10020,0.24,2447.24
India,Mid-SEC,Health-conscious,Medium (50g),Classic Salted,Modern Trade,100,129.55,-1.11,496,49600,0.27,13202.71
India,Mid-SEC,Health-conscious,Medium (50g),Classic Salted,Traditional Trade,20,27.03,-0.3,543,10860,0.33,3544.43
India,Mid-SEC,Health-conscious,Medium (50g),Spicy,7-Eleven,5,6.32,-0.74,520,2600,0.32,839.73
India,Mid-SEC,Health-conscious,Medium (50g),Spicy,Modern Trade,100,116.28,-0.81,506,50600,0.31,15618.73
India,Mid-SEC,Health-conscious,Medium (50g),Spicy,Traditional Trade,50,65.44,-1.1,423,21150,0.45,9507.12
India,Mid-SEC,Health-conscious,Medium (50g),Local Specialty,7-Eleven,100,121.41,-1.14,546,54600,0.33,17957.78
India,Mid-SEC,Health-conscious,Medium (50g),Local Specialty,Modern Trade,30,30.69,-0.45,526,15780,0.44,6955.71
India,Mid-SEC,Health-conscious,Medium (50g),Local Specialty,Traditional Trade,100,108.3,-1.34,462,46200,0.35,16120.95
India,Mid-SEC,Health-conscious,Medium (50g),Health-Oriented,7-Eleven,20,18.26,-0.98,515,10300,0.25,2551.03
India,Mid-SEC,Health-conscious,Medium (50g),Health-Oriented,Modern Trade,20,22,-0.6,510,10200,0.22,2251.01
India,Mid-SEC,Health-conscious,Medium (50g),Health-Oriented,Traditional Trade,30,36.91,-1.43,485,14550,0.27,3988.06
India,Mid-SEC,Health-conscious,Large (100g),Classic Salted,7-Eleven,70,82.41,-1.17,518,36260,0.43,15701.06
India,Mid-SEC,Health-conscious,Large (100g),Classic Salted,Modern Trade,70,86.57,-1.42,499,34930,0.22,7642.54
India,Mid-SEC,Health-conscious,Large (100g),Classic Salted,Traditional Trade,50,47.88,-1.08,534,26700,0.4,10656.96
India,Mid-SEC,Health-conscious,Large (100g),Spicy,7-Eleven,100,128.84,-0.34,504,50400,0.22,10870.14
India,Mid-SEC,Health-conscious,Large (100g),Spicy,Modern Trade,5,5.22,-0.62,510,2550,0.37,942.48
India,Mid-SEC,Health-conscious,Large (100g),Spicy,Traditional Trade,30,34.41,-0.94,490,14700,0.25,3607
India,Mid-SEC,Health-conscious,Large (100g),Local Specialty,7-Eleven,100,112.65,-0.48,504,50400,0.23,11815.31
India,Mid-SEC,Health-conscious,Large (100g),Local Specialty,Modern Trade,10,11.19,-0.47,515,5150,0.41,2123.61
India,Mid-SEC,Health-conscious,Large (100g),Local Specialty,Traditional Trade,70,78.21,-0.95,499,34930,0.48,16895.97
India,Mid-SEC,Health-conscious,Large (100g),Health-Oriented,7-Eleven,10,12.09,-0.48,511,5110,0.32,1653.24
India,Mid-SEC,Health-conscious,Large (100g),Health-Oriented,Modern Trade,50,63.1,-1.43,501,25050,0.34,8461.19
India,Mid-SEC,Health-conscious,Large (100g),Health-Oriented,Traditional Trade,70,98.4,-1.44,520,36400,0.28,10104.14
India,Mid-SEC,Health-conscious,Multi-pack,Classic Salted,7-Eleven,50,57.59,-0.59,501,25050,0.46,11606.89
India,Mid-SEC,Health-conscious,Multi-pack,Classic Salted,Modern Trade,20,22.09,-0.44,529,10580,0.34,3548.23
India,Mid-SEC,Health-conscious,Multi-pack,Classic Salted,Traditional Trade,50,64.42,-0.85,500,25000,0.4,9925.85
India,Mid-SEC,Health-conscious,Multi-pack,Spicy,7-Eleven,50,59.61,-0.51,492,24600,0.49,12037.84
India,Mid-SEC,Health-conscious,Multi-pack,Spicy,Modern Trade,30,36.34,-1.16,521,15630,0.39,6101.56
India,Mid-SEC,Health-conscious,Multi-pack,Spicy,Traditional Trade,70,73.93,-0.54,493,34510,0.36,12420.45
India,Mid-SEC,Health-conscious,Multi-pack,Local Specialty,7-Eleven,100,124.85,-0.55,488,48800,0.47,23025.94
India,Mid-SEC,Health-conscious,Multi-pack,Local Specialty,Modern Trade,100,111.54,-1.17,479,47900,0.47,22426.63
India,Mid-SEC,Health-conscious,Multi-pack,Local Specialty,Traditional Trade,10,11.04,-0.97,507,5070,0.46,2356.16
India,Mid-SEC,Health-conscious,Multi-pack,Health-Oriented,7-Eleven,100,124.24,-0.54,500,50000,0.33,16266.41
India,Mid-SEC,Health-conscious,Multi-pack,Health-Oriented,Modern Trade,100,109.38,-0.44,495,49500,0.2,10087.22
India,Mid-SEC,Health-conscious,Multi-pack,Health-Oriented,Traditional Trade,5,6.21,-0.83,502,2510,0.47,1172.36
India,High-SEC,Impulse,Small (20g),Classic Salted,7-Eleven,70,85.36,-1.28,527,36890,0.36,13362.96
India,High-SEC,Impulse,Small (20g),Classic Salted,Modern Trade,30,34.94,-0.65,488,14640,0.45,6536.63
India,High-SEC,Impulse,Small (20g),Classic Salted,Traditional Trade,50,49.39,-0.91,524,26200,0.25,6605.77
India,High-SEC,Impulse,Small (20g),Spicy,7-Eleven,100,113.92,-0.65,524,52400,0.27,14250.82
India,High-SEC,Impulse,Small (20g),Spicy,Modern Trade,5,5.8,-0.96,517,2585,0.39,998.53
India,High-SEC,Impulse,Small (20g),Spicy,Traditional Trade,30,33.23,-1.08,525,15750,0.49,7776.27
India,High-SEC,Impulse,Small (20g),Local Specialty,7-Eleven,50,55.48,-0.69,488,24400,0.22,5389.77
India,High-SEC,Impulse,Small (20g),Local Specialty,Modern Trade,20,24.65,-1.29,527,10540,0.45,4754.72
India,High-SEC,Impulse,Small (20g),Local Specialty,Traditional Trade,10,12.87,-0.67,501,5010,0.26,1321.6
India,High-SEC,Impulse,Small (20g),Health-Oriented,7-Eleven,50,53.27,-1.46,487,24350,0.48,11724.32
India,High-SEC,Impulse,Small (20g),Health-Oriented,Modern Trade,50,61.75,-0.55,511,25550,0.47,12063.65
India,High-SEC,Impulse,Small (20g),Health-Oriented,Traditional Trade,70,87.42,-0.7,504,35280,0.33,11787.64
India,High-SEC,Impulse,Medium (50g),Classic Salted,7-Eleven,20,26.21,-0.84,492,9840,0.23,2294.85
India,High-SEC,Impulse,Medium (50g),Classic Salted,Modern Trade,50,59.4,-0.99,538,26900,0.46,12306.82
India,High-SEC,Impulse,Medium (50g),Classic Salted,Traditional Trade,5,6.26,-0.6,522,2610,0.49,1275.88
India,High-SEC,Impulse,Medium (50g),Spicy,7-Eleven,70,82.18,-0.63,487,34090,0.28,9697.12
India,High-SEC,Impulse,Medium (50g),Spicy,Modern Trade,100,123.67,-1.38,482,48200,0.34,16418.38
India,High-SEC,Impulse,Medium (50g),Spicy,Traditional Trade,30,41.51,-1.14,506,15180,0.29,4401.83
India,High-SEC,Impulse,Medium (50g),Local Specialty,7-Eleven,10,12.95,-0.43,477,4770,0.27,1296.74
India,High-SEC,Impulse,Medium (50g),Local Specialty,Modern Trade,20,27.42,-0.55,501,10020,0.45,4503.11
India,High-SEC,Impulse,Medium (50g),Local Specialty,Traditional Trade,50,55.36,-1.39,536,26800,0.45,12027.47
India,High-SEC,Impulse,Medium (50g),Health-Oriented,7-Eleven,50,61.19,-0.45,505,25250,0.33,8310.49
India,High-SEC,Impulse,Medium (50g),Health-Oriented,Modern Trade,100,113.46,-0.57,506,50600,0.33,16850.51
India,High-SEC,Impulse,Medium (50g),Health-Oriented,Traditional Trade,10,10.17,-0.77,508,5080,0.41,2086.81
India,High-SEC,Impulse,Large (100g),Classic Salted,7-Eleven,30,36.23,-1.37,492,14760,0.4,5840.05
India,High-SEC,Impulse,Large (100g),Classic Salted,Modern Trade,100,103.98,-0.36,506,50600,0.35,17805.12
India,High-SEC,Impulse,Large (100g),Classic Salted,Traditional Trade,70,79.64,-1.19,491,34370,0.21,7344.68
India,High-SEC,Impulse,Large (100g),Spicy,7-Eleven,70,85.36,-1.33,489,34230,0.26,8859.73
India,High-SEC,Impulse,Large (100g),Spicy,Modern Trade,70,73.47,-1.25,501,35070,0.2,7094.63
India,High-SEC,Impulse,Large (100g),Spicy,Traditional Trade,50,63.8,-1.24,439,21950,0.3,6621.4
India,High-SEC,Impulse,Large (100g),Local Specialty,7-Eleven,70,86.23,-0.88,486,34020,0.32,10855.94
India,High-SEC,Impulse,Large (100g),Local Specialty,Modern Trade,30,40.02,-1.4,507,15210,0.3,4617.25
India,High-SEC,Impulse,Large (100g),Local Specialty,Traditional Trade,10,13.08,-0.91,471,4710,0.32,1499.54
India,High-SEC,Impulse,Large (100g),Health-Oriented,7-Eleven,50,60.11,-0.99,494,24700,0.41,10230.98
India,High-SEC,Impulse,Large (100g),Health-Oriented,Modern Trade,30,31.26,-0.51,450,13500,0.22,2941.08
India,High-SEC,Impulse,Large (100g),Health-Oriented,Traditional Trade,100,128.95,-0.78,512,51200,0.32,16135.77
India,High-SEC,Impulse,Multi-pack,Classic Salted,7-Eleven,50,49.24,-1.35,495,24750,0.22,5477.23
India,High-SEC,Impulse,Multi-pack,Classic Salted,Modern Trade,10,11.28,-1.4,490,4900,0.4,1962.8
India,High-SEC,Impulse,Multi-pack,Classic Salted,Traditional Trade,10,10.91,-0.79,537,5370,0.46,2481.53
India,High-SEC,Impulse,Multi-pack,Spicy,7-Eleven,50,67.05,-0.63,469,23450,0.22,5157.43
India,High-SEC,Impulse,Multi-pack,Spicy,Modern Trade,10,10.86,-1.49,495,4950,0.35,1711.71
India,High-SEC,Impulse,Multi-pack,Spicy,Traditional Trade,100,121.09,-0.81,445,44500,0.37,16357.88
India,High-SEC,Impulse,Multi-pack,Local Specialty,7-Eleven,20,26.53,-0.72,526,10520,0.33,3460.86
India,High-SEC,Impulse,Multi-pack,Local Specialty,Modern Trade,5,5.57,-0.69,485,2425,0.44,1058.99
India,High-SEC,Impulse,Multi-pack,Local Specialty,Traditional Trade,10,13.39,-0.51,527,5270,0.33,1735.39
India,High-SEC,Impulse,Multi-pack,Health-Oriented,7-Eleven,70,82.25,-1.12,505,35350,0.38,13444.39
India,High-SEC,Impulse,Multi-pack,Health-Oriented,Modern Trade,10,13.03,-1.05,475,4750,0.24,1153.2
India,High-SEC,Impulse,Multi-pack,Health-Oriented,Traditional Trade,30,39.38,-0.43,490,14700,0.21,3052.22
India,High-SEC,Top-up,Small (20g),Classic Salted,7-Eleven,70,93.17,-1.09,459,32130,0.29,9425.83
India,High-SEC,Top-up,Small (20g),Classic Salted,Modern Trade,20,26.79,-0.69,507,10140,0.27,2690.83
India,High-SEC,Top-up,Small (20g),Classic Salted,Traditional Trade,5,5.99,-0.67,472,2360,0.21,491.5
India,High-SEC,Top-up,Small (20g),Spicy,7-Eleven,5,6.14,-0.89,562,2810,0.21,594.87
India,High-SEC,Top-up,Small (20g),Spicy,Modern Trade,100,119.12,-1.31,497,49700,0.47,23360.24
India,High-SEC,Top-up,Small (20g),Spicy,Traditional Trade,100,116.3,-1.36,554,55400,0.47,25845.27
India,High-SEC,Top-up,Small (20g),Local Specialty,7-Eleven,70,92.21,-0.32,493,34510,0.3,10426.03
India,High-SEC,Top-up,Small (20g),Local Specialty,Modern Trade,70,86.59,-0.85,474,33180,0.36,12028.13
India,High-SEC,Top-up,Small (20g),Local Specialty,Traditional Trade,70,88.47,-0.97,487,34090,0.26,8808.42
India,High-SEC,Top-up,Small (20g),Health-Oriented,7-Eleven,50,62.5,-1.43,490,24500,0.49,12003.17
India,High-SEC,Top-up,Small (20g),Health-Oriented,Modern Trade,50,50.1,-0.8,472,23600,0.39,9153.74
India,High-SEC,Top-up,Small (20g),Health-Oriented,Traditional Trade,50,63.74,-0.91,494,24700,0.46,11463.13
India,High-SEC,Top-up,Medium (50g),Classic Salted,7-Eleven,30,39.3,-0.76,479,14370,0.21,3044.11
India,High-SEC,Top-up,Medium (50g),Classic Salted,Modern Trade,30,41.88,-0.93,503,15090,0.49,7382.16
India,High-SEC,Top-up,Medium (50g),Classic Salted,Traditional Trade,20,24.51,-0.86,529,10580,0.44,4625.08
India,High-SEC,Top-up,Medium (50g),Spicy,7-Eleven,100,124.68,-1.35,521,52100,0.46,24128.93
India,High-SEC,Top-up,Medium (50g),Spicy,Modern Trade,5,6.19,-0.92,528,2640,0.31,825.26
India,High-SEC,Top-up,Medium (50g),Spicy,Traditional Trade,50,59.85,-1.16,479,23950,0.32,7567.29
India,High-SEC,Top-up,Medium (50g),Local Specialty,7-Eleven,30,29.59,-0.81,494,14820,0.43,6363.09
India,High-SEC,Top-up,Medium (50g),Local Specialty,Modern Trade,50,75.69,-0.81,555,27750,0.23,6459.62
India,High-SEC,Top-up,Medium (50g),Local Specialty,Traditional Trade,50,59.03,-0.48,533,26650,0.47,12393.3
India,High-SEC,Top-up,Medium (50g),Health-Oriented,7-Eleven,30,39.4,-0.96,501,15030,0.48,7183.06
India,High-SEC,Top-up,Medium (50g),Health-Oriented,Modern Trade,70,83.87,-0.67,515,36050,0.24,8663.92
India,High-SEC,Top-up,Medium (50g),Health-Oriented,Traditional Trade,10,11.61,-1.14,491,4910,0.28,1392.61
India,High-SEC,Top-up,Large (100g),Classic Salted,7-Eleven,70,90.67,-1.15,525,36750,0.24,8924.92
India,High-SEC,Top-up,Large (100g),Classic Salted,Modern Trade,20,25.03,-0.6,519,10380,0.43,4461.69
India,High-SEC,Top-up,Large (100g),Classic Salted,Traditional Trade,70,86.46,-1.39,499,34930,0.32,11256.64
India,High-SEC,Top-up,Large (100g),Spicy,7-Eleven,5,6.54,-1.01,457,2285,0.23,533.09
India,High-SEC,Top-up,Large (100g),Spicy,Modern Trade,5,5.05,-1.41,500,2500,0.41,1030.31
India,High-SEC,Top-up,Large (100g),Spicy,Traditional Trade,70,85.49,-1.44,459,32130,0.29,9272.31
India,High-SEC,Top-up,Large (100g),Local Specialty,7-Eleven,5,5.62,-0.54,541,2705,0.47,1276.31
India,High-SEC,Top-up,Large (100g),Local Specialty,Modern Trade,5,5.53,-1.11,498,2490,0.39,976.44
India,High-SEC,Top-up,Large (100g),Local Specialty,Traditional Trade,100,120.6,-1.07,510,51000,0.47,23796.48
India,High-SEC,Top-up,Large (100g),Health-Oriented,7-Eleven,5,6.14,-0.9,497,2485,0.39,962.78
India,High-SEC,Top-up,Large (100g),Health-Oriented,Modern Trade,30,36.63,-1.21,514,15420,0.44,6803.11
India,High-SEC,Top-up,Large (100g),Health-Oriented,Traditional Trade,100,115.08,-0.84,501,50100,0.43,21673.45
India,High-SEC,Top-up,Multi-pack,Classic Salted,7-Eleven,20,23.95,-1.16,471,9420,0.22,2037.54
India,High-SEC,Top-up,Multi-pack,Classic Salted,Modern Trade,5,5.12,-0.6,488,2440,0.35,862.15
India,High-SEC,Top-up,Multi-pack,Classic Salted,Traditional Trade,5,5.84,-0.49,516,2580,0.23,594.86
India,High-SEC,Top-up,Multi-pack,Spicy,7-Eleven,20,24.31,-1.07,484,9680,0.29,2845.96
India,High-SEC,Top-up,Multi-pack,Spicy,Modern Trade,30,36.79,-0.98,536,16080,0.49,7866.71
India,High-SEC,Top-up,Multi-pack,Spicy,Traditional Trade,70,85.36,-1.39,512,35840,0.32,11336
India,High-SEC,Top-up,Multi-pack,Local Specialty,7-Eleven,100,134.23,-1.49,475,47500,0.4,18995.99
India,High-SEC,Top-up,Multi-pack,Local Specialty,Modern Trade,30,38.78,-0.34,513,15390,0.23,3564.47
India,High-SEC,Top-up,Multi-pack,Local Specialty,Traditional Trade,50,63.08,-1.44,491,24550,0.35,8595.45
India,High-SEC,Top-up,Multi-pack,Health-Oriented,7-Eleven,20,26.41,-0.98,497,9940,0.31,3087.48
India,High-SEC,Top-up,Multi-pack,Health-Oriented,Modern Trade,70,80.44,-0.58,495,34650,0.46,15769.37
India,High-SEC,Top-up,Multi-pack,Health-Oriented,Traditional Trade,100,118.52,-1.25,510,51000,0.46,23666.4
India,High-SEC,Sharing,Small (20g),Classic Salted,7-Eleven,10,12.67,-0.77,486,4860,0.4,1922.09
India,High-SEC,Sharing,Small (20g),Classic Salted,Modern Trade,20,21.86,-0.61,488,9760,0.32,3108.94
India,High-SEC,Sharing,Small (20g),Classic Salted,Traditional Trade,50,55.5,-0.43,486,24300,0.22,5283.49
India,High-SEC,Sharing,Small (20g),Spicy,7-Eleven,20,25.28,-1.37,501,10020,0.45,4515.45
India,High-SEC,Sharing,Small (20g),Spicy,Modern Trade,100,117.71,-0.91,494,49400,0.38,18699.85
India,High-SEC,Sharing,Small (20g),Spicy,Traditional Trade,70,77.04,-1.49,498,34860,0.36,12400.04
India,High-SEC,Sharing,Small (20g),Local Specialty,7-Eleven,50,54.1,-0.57,519,25950,0.49,12788.27
India,High-SEC,Sharing,Small (20g),Local Specialty,Modern Trade,50,65.57,-1.35,522,26100,0.28,7299.51
India,High-SEC,Sharing,Small (20g),Local Specialty,Traditional Trade,100,121.02,-1.08,492,49200,0.29,14265.06
India,High-SEC,Sharing,Small (20g),Health-Oriented,7-Eleven,5,6.77,-0.72,520,2600,0.34,877.24
India,High-SEC,Sharing,Small (20g),Health-Oriented,Modern Trade,5,5.2,-1.42,481,2405,0.35,830.26
India,High-SEC,Sharing,Small (20g),Health-Oriented,Traditional Trade,5,5.59,-0.6,498,2490,0.49,1213.47
India,High-SEC,Sharing,Medium (50g),Classic Salted,7-Eleven,5,6.01,-0.34,460,2300,0.27,615.51
India,High-SEC,Sharing,Medium (50g),Classic Salted,Modern Trade,30,36.69,-1.27,472,14160,0.43,6151.06
India,High-SEC,Sharing,Medium (50g),Classic Salted,Traditional Trade,30,32.67,-0.53,509,15270,0.4,6142.19
India,High-SEC,Sharing,Medium (50g),Spicy,7-Eleven,50,61.23,-1.19,490,24500,0.29,7035.21
India,High-SEC,Sharing,Medium (50g),Spicy,Modern Trade,70,90.91,-0.65,455,31850,0.2,6444.93
India,High-SEC,Sharing,Medium (50g),Spicy,Traditional Trade,5,5.96,-0.74,497,2485,0.49,1211.14
India,High-SEC,Sharing,Medium (50g),Local Specialty,7-Eleven,30,31.18,-0.9,512,15360,0.28,4337.84
India,High-SEC,Sharing,Medium (50g),Local Specialty,Modern Trade,50,60.92,-0.53,497,24850,0.33,8196.64
India,High-SEC,Sharing,Medium (50g),Local Specialty,Traditional Trade,5,5.29,-1.44,521,2605,0.27,710.11
India,High-SEC,Sharing,Medium (50g),Health-Oriented,7-Eleven,70,82.13,-0.35,484,33880,0.38,12808.95
India,High-SEC,Sharing,Medium (50g),Health-Oriented,Modern Trade,20,24.38,-0.32,478,9560,0.47,4515.85
India,High-SEC,Sharing,Medium (50g),Health-Oriented,Traditional Trade,5,5.67,-0.37,558,2790,0.49,1376.01
India,High-SEC,Sharing,Large (100g),Classic Salted,7-Eleven,5,5.68,-0.93,515,2575,0.39,1009.88
India,High-SEC,Sharing,Large (100g),Classic Salted,Modern Trade,20,24.98,-0.7,475,9500,0.43,4099.14
India,High-SEC,Sharing,Large (100g),Classic Salted,Traditional Trade,20,23.37,-1.49,491,9820,0.27,2637.68
India,High-SEC,Sharing,Large (100g),Spicy,7-Eleven,50,60,-0.74,481,24050,0.45,10928.62
India,High-SEC,Sharing,Large (100g),Spicy,Modern Trade,30,34.59,-0.99,511,15330,0.29,4394.58
India,High-SEC,Sharing,Large (100g),Spicy,Traditional Trade,100,122.66,-1.02,492,49200,0.43,20972.95
India,High-SEC,Sharing,Large (100g),Local Specialty,7-Eleven,30,30.4,-0.55,483,14490,0.31,4456.74
India,High-SEC,Sharing,Large (100g),Local Specialty,Modern Trade,10,13.01,-0.71,482,4820,0.48,2291.77
India,High-SEC,Sharing,Large (100g),Local Specialty,Traditional Trade,10,12.01,-1.23,441,4410,0.25,1113.82
India,High-SEC,Sharing,Large (100g),Health-Oriented,7-Eleven,70,77.32,-0.46,505,35350,0.37,13221.84
India,High-SEC,Sharing,Large (100g),Health-Oriented,Modern Trade,10,13.62,-1.16,490,4900,0.48,2371.29
India,High-SEC,Sharing,Large (100g),Health-Oriented,Traditional Trade,30,36.31,-0.43,495,14850,0.34,5092.08
India,High-SEC,Sharing,Multi-pack,Classic Salted,7-Eleven,70,73.84,-0.79,477,33390,0.46,15242.84
India,High-SEC,Sharing,Multi-pack,Classic Salted,Modern Trade,5,5.99,-1.25,459,2295,0.48,1106.73
India,High-SEC,Sharing,Multi-pack,Classic Salted,Traditional Trade,20,18.79,-0.53,525,10500,0.41,4284.9
India,High-SEC,Sharing,Multi-pack,Spicy,7-Eleven,5,6.1,-0.57,510,2550,0.46,1180.05
India,High-SEC,Sharing,Multi-pack,Spicy,Modern Trade,100,102.21,-0.99,440,44000,0.43,18905.22
India,High-SEC,Sharing,Multi-pack,Spicy,Traditional Trade,100,123.2,-1.5,495,49500,0.22,10711.32
India,High-SEC,Sharing,Multi-pack,Local Specialty,7-Eleven,20,21.83,-1.22,565,11300,0.4,4507.73
India,High-SEC,Sharing,Multi-pack,Local Specialty,Modern Trade,100,109.14,-0.61,526,52600,0.29,15300.25
India,High-SEC,Sharing,Multi-pack,Local Specialty,Traditional Trade,5,6.6,-0.52,477,2385,0.47,1122.34
India,High-SEC,Sharing,Multi-pack,Health-Oriented,7-Eleven,70,77.13,-0.53,493,34510,0.4,13745.48
India,High-SEC,Sharing,Multi-pack,Health-Oriented,Modern Trade,50,60.43,-0.65,475,23750,0.38,8909.38
India,High-SEC,Sharing,Multi-pack,Health-Oriented,Traditional Trade,50,55.96,-0.36,444,22200,0.38,8446.35
India,High-SEC,Health-conscious,Small (20g),Classic Salted,7-Eleven,50,65.26,-0.59,466,23300,0.35,8217.14
India,High-SEC,Health-conscious,Small (20g),Classic Salted,Modern Trade,50,55.01,-1.06,542,27100,0.41,11088.31
India,High-SEC,Health-conscious,Small (20g),Classic Salted,Traditional Trade,20,23.36,-0.39,513,10260,0.46,4704.28
India,High-SEC,Health-conscious,Small (20g),Spicy,7-Eleven,5,6.9,-1.17,522,2610,0.3,792.4
India,High-SEC,Health-conscious,Small (20g),Spicy,Modern Trade,50,62.2,-0.63,504,25200,0.35,8791.72
India,High-SEC,Health-conscious,Small (20g),Spicy,Traditional Trade,20,25.56,-1.04,475,9500,0.42,3993.17
India,High-SEC,Health-conscious,Small (20g),Local Specialty,7-Eleven,20,23.41,-0.49,482,9640,0.45,4291.13
India,High-SEC,Health-conscious,Small (20g),Local Specialty,Modern Trade,100,119.28,-0.84,566,56600,0.35,19891.43
India,High-SEC,Health-conscious,Small (20g),Local Specialty,Traditional Trade,100,126.99,-1.28,521,52100,0.32,16618.13
India,High-SEC,Health-conscious,Small (20g),Health-Oriented,7-Eleven,100,124.21,-1.34,528,52800,0.29,15467.04
India,High-SEC,Health-conscious,Small (20g),Health-Oriented,Modern Trade,5,6.35,-0.69,521,2605,0.39,1009.34
India,High-SEC,Health-conscious,Small (20g),Health-Oriented,Traditional Trade,50,58.04,-0.81,450,22500,0.29,6441.52
India,High-SEC,Health-conscious,Medium (50g),Classic Salted,7-Eleven,50,54.85,-0.75,489,24450,0.32,7857.21
India,High-SEC,Health-conscious,Medium (50g),Classic Salted,Modern Trade,30,31.94,-1.42,520,15600,0.33,5145.35
India,High-SEC,Health-conscious,Medium (50g),Classic Salted,Traditional Trade,50,54.42,-1.43,492,24600,0.39,9656
India,High-SEC,Health-conscious,Medium (50g),Spicy,7-Eleven,30,39.71,-0.69,509,15270,0.33,4970.39
India,High-SEC,Health-conscious,Medium (50g),Spicy,Modern Trade,10,11.59,-1.17,485,4850,0.49,2396.44
India,High-SEC,Health-conscious,Medium (50g),Spicy,Traditional Trade,20,24.52,-1.42,501,10020,0.49,4921.85
India,High-SEC,Health-conscious,Medium (50g),Local Specialty,7-Eleven,5,5.88,-0.61,514,2570,0.3,781.17
India,High-SEC,Health-conscious,Medium (50g),Local Specialty,Modern Trade,50,55.38,-1.02,484,24200,0.34,8346.87
India,High-SEC,Health-conscious,Medium (50g),Local Specialty,Traditional Trade,70,77.55,-0.71,461,32270,0.49,15664.73
India,High-SEC,Health-conscious,Medium (50g),Health-Oriented,7-Eleven,100,109.96,-1.14,464,46400,0.39,17961.19
India,High-SEC,Health-conscious,Medium (50g),Health-Oriented,Modern Trade,50,53.5,-1.48,563,28150,0.4,11339.04
India,High-SEC,Health-conscious,Medium (50g),Health-Oriented,Traditional Trade,10,12.83,-0.65,507,5070,0.28,1426.34
India,High-SEC,Health-conscious,Large (100g),Classic Salted,7-Eleven,10,13.02,-0.36,467,4670,0.48,2257.58
India,High-SEC,Health-conscious,Large (100g),Classic Salted,Modern Trade,50,61.36,-0.62,531,26550,0.38,9990.12
India,High-SEC,Health-conscious,Large (100g),Classic Salted,Traditional Trade,50,65.24,-1.01,483,24150,0.49,11767.67
India,High-SEC,Health-conscious,Large (100g),Spicy,7-Eleven,30,39.51,-1.02,525,15750,0.4,6327.38
India,High-SEC,Health-conscious,Large (100g),Spicy,Modern Trade,20,23.95,-1.39,496,9920,0.33,3276.78
India,High-SEC,Health-conscious,Large (100g),Spicy,Traditional Trade,100,118.26,-0.63,507,50700,0.27,13821.16
India,High-SEC,Health-conscious,Large (100g),Local Specialty,7-Eleven,100,114.97,-1.26,530,53000,0.2,10818.55
India,High-SEC,Health-conscious,Large (100g),Local Specialty,Modern Trade,100,122.63,-1.2,480,48000,0.27,13164.86
India,High-SEC,Health-conscious,Large (100g),Local Specialty,Traditional Trade,10,11.93,-0.62,507,5070,0.22,1137.43
India,High-SEC,Health-conscious,Large (100g),Health-Oriented,7-Eleven,30,33.85,-0.36,525,15750,0.45,7038.6
India,High-SEC,Health-conscious,Large (100g),Health-Oriented,Modern Trade,5,6.04,-1.26,507,2535,0.42,1068.19
India,High-SEC,Health-conscious,Large (100g),Health-Oriented,Traditional Trade,70,89.2,-0.87,458,32060,0.48,15267.93
India,High-SEC,Health-conscious,Multi-pack,Classic Salted,7-Eleven,10,13.07,-1.18,491,4910,0.4,1963.7
India,High-SEC,Health-conscious,Multi-pack,Classic Salted,Modern Trade,30,43.09,-0.56,497,14910,0.27,4093.02
India,High-SEC,Health-conscious,Multi-pack,Classic Salted,Traditional Trade,10,11.39,-0.97,510,5100,0.22,1117.93
India,High-SEC,Health-conscious,Multi-pack,Spicy,7-Eleven,100,137.19,-0.51,486,48600,0.21,10039.5
India,High-SEC,Health-conscious,Multi-pack,Spicy,Modern Trade,100,120.25,-1.43,499,49900,0.23,11557.74
India,High-SEC,Health-conscious,Multi-pack,Spicy,Traditional Trade,30,30.24,-0.58,494,14820,0.28,4121.01
India,High-SEC,Health-conscious,Multi-pack,Local Specialty,7-Eleven,70,82.05,-1.42,477,33390,0.46,15509.89
India,High-SEC,Health-conscious,Multi-pack,Local Specialty,Modern Trade,100,117.2,-0.52,512,51200,0.29,14681.92
India,High-SEC,Health-conscious,Multi-pack,Local Specialty,Traditional Trade,5,5.46,-0.88,502,2510,0.31,768.4
India,High-SEC,Health-conscious,Multi-pack,Health-Oriented,7-Eleven,30,33.52,-0.51,520,15600,0.47,7396.53
India,High-SEC,Health-conscious,Multi-pack,Health-Oriented,Modern Trade,70,83.12,-1.07,500,35000,0.46,16201.35
India,High-SEC,Health-conscious,Multi-pack,Health-Oriented,Traditional Trade,100,123.28,-1.38,493,49300,0.35,17301.33
Thailand,Low-SEC,Impulse,Small (20g),Classic Salted,7-Eleven,30,37.1,-0.69,525,15750,0.42,6685.98
Thailand,Low-SEC,Impulse,Small (20g),Classic Salted,Modern Trade,100,116.86,-0.97,507,50700,0.4,20386.15
Thailand,Low-SEC,Impulse,Small (20g),Classic Salted,Traditional Trade,10,12.56,-1.22,469,4690,0.2,940.8
Thailand,Low-SEC,Impulse,Small (20g),Spicy,7-Eleven,10,11.08,-0.64,516,5160,0.25,1281.79
Thailand,Low-SEC,Impulse,Small (20g),Spicy,Modern Trade,5,5.65,-1.37,481,2405,0.38,919.49
Thailand,Low-SEC,Impulse,Small (20g),Spicy,Traditional Trade,10,10.74,-1.21,454,4540,0.27,1226.98
Thailand,Low-SEC,Impulse,Small (20g),Local Specialty,7-Eleven,100,130.21,-1,495,49500,0.41,20241.98
Thailand,Low-SEC,Impulse,Small (20g),Local Specialty,Modern Trade,10,14.09,-0.66,476,4760,0.32,1540.28
Thailand,Low-SEC,Impulse,Small (20g),Local Specialty,Traditional Trade,100,123.28,-0.86,469,46900,0.24,11029.06
Thailand,Low-SEC,Impulse,Small (20g),Health-Oriented,7-Eleven,100,129.24,-1.1,473,47300,0.26,12386.72
Thailand,Low-SEC,Impulse,Small (20g),Health-Oriented,Modern Trade,10,12.86,-1.25,500,5000,0.21,1027.19
Thailand,Low-SEC,Impulse,Small (20g),Health-Oriented,Traditional Trade,20,23.53,-0.55,458,9160,0.37,3372.74
Thailand,Low-SEC,Impulse,Medium (50g),Classic Salted,7-Eleven,5,6.73,-1.2,502,2510,0.45,1120.51
Thailand,Low-SEC,Impulse,Medium (50g),Classic Salted,Modern Trade,30,38.99,-0.49,499,14970,0.44,6548.89
Thailand,Low-SEC,Impulse,Medium (50g),Classic Salted,Traditional Trade,50,53.4,-0.47,531,26550,0.22,5912.95
Thailand,Low-SEC,Impulse,Medium (50g),Spicy,7-Eleven,100,117.97,-1.03,479,47900,0.46,22187.53
Thailand,Low-SEC,Impulse,Medium (50g),Spicy,Modern Trade,100,128.48,-0.34,457,45700,0.22,10155.99
Thailand,Low-SEC,Impulse,Medium (50g),Spicy,Traditional Trade,10,9.75,-1.05,522,5220,0.5,2605.59
Thailand,Low-SEC,Impulse,Medium (50g),Local Specialty,7-Eleven,5,5.06,-1.24,490,2450,0.22,540.5
Thailand,Low-SEC,Impulse,Medium (50g),Local Specialty,Modern Trade,20,25.24,-1.06,498,9960,0.4,3954.31
Thailand,Low-SEC,Impulse,Medium (50g),Local Specialty,Traditional Trade,20,25.3,-0.92,519,10380,0.22,2282.97
Thailand,Low-SEC,Impulse,Medium (50g),Health-Oriented,7-Eleven,20,21.72,-0.58,505,10100,0.43,4297.79
Thailand,Low-SEC,Impulse,Medium (50g),Health-Oriented,Modern Trade,70,84.59,-1.33,511,35770,0.42,15119.12
Thailand,Low-SEC,Impulse,Medium (50g),Health-Oriented,Traditional Trade,10,13.41,-1.3,478,4780,0.42,2031.47
Thailand,Low-SEC,Impulse,Large (100g),Classic Salted,7-Eleven,50,60.99,-0.78,510,25500,0.37,9527.87
Thailand,Low-SEC,Impulse,Large (100g),Classic Salted,Modern Trade,100,123.11,-0.74,474,47400,0.41,19667.17
Thailand,Low-SEC,Impulse,Large (100g),Classic Salted,Traditional Trade,5,5.58,-1.12,482,2410,0.33,789.17
Thailand,Low-SEC,Impulse,Large (100g),Spicy,7-Eleven,20,22.7,-0.41,500,10000,0.22,2230.92
Thailand,Low-SEC,Impulse,Large (100g),Spicy,Modern Trade,50,55.46,-0.51,510,25500,0.28,7180.39
Thailand,Low-SEC,Impulse,Large (100g),Spicy,Traditional Trade,70,94.63,-0.67,484,33880,0.39,13244.11
Thailand,Low-SEC,Impulse,Large (100g),Local Specialty,7-Eleven,10,10.82,-1.27,513,5130,0.38,1942.17
Thailand,Low-SEC,Impulse,Large (100g),Local Specialty,Modern Trade,100,111.05,-1.18,511,51100,0.43,22147.13
Thailand,Low-SEC,Impulse,Large (100g),Local Specialty,Traditional Trade,5,5.65,-1.39,513,2565,0.33,845.69
Thailand,Low-SEC,Impulse,Large (100g),Health-Oriented,7-Eleven,100,125.82,-1.46,484,48400,0.46,22445.78
Thailand,Low-SEC,Impulse,Large (100g),Health-Oriented,Modern Trade,5,6.17,-1.45,511,2555,0.47,1199.26
Thailand,Low-SEC,Impulse,Large (100g),Health-Oriented,Traditional Trade,10,10.44,-0.43,488,4880,0.5,2434.37
Thailand,Low-SEC,Impulse,Multi-pack,Classic Salted,7-Eleven,20,24.67,-1.2,505,10100,0.23,2307.6
Thailand,Low-SEC,Impulse,Multi-pack,Classic Salted,Modern Trade,50,61.58,-0.3,489,24450,0.44,10806.89
Thailand,Low-SEC,Impulse,Multi-pack,Classic Salted,Traditional Trade,20,21.97,-1.47,491,9820,0.37,3631.97
Thailand,Low-SEC,Impulse,Multi-pack,Spicy,7-Eleven,50,58.78,-1.12,510,25500,0.2,5210.02
Thailand,Low-SEC,Impulse,Multi-pack,Spicy,Modern Trade,30,37.87,-0.59,508,15240,0.39,5903.74
Thailand,Low-SEC,Impulse,Multi-pack,Spicy,Traditional Trade,20,26.66,-0.46,506,10120,0.5,5031.7
Thailand,Low-SEC,Impulse,Multi-pack,Local Specialty,7-Eleven,5,5.82,-0.65,493,2465,0.38,934.37
Thailand,Low-SEC,Impulse,Multi-pack,Local Specialty,Modern Trade,5,6.78,-0.39,541,2705,0.36,969.21
Thailand,Low-SEC,Impulse,Multi-pack,Local Specialty,Traditional Trade,10,12.63,-0.79,451,4510,0.4,1814.99
Thailand,Low-SEC,Impulse,Multi-pack,Health-Oriented,7-Eleven,50,64.43,-0.69,492,24600,0.25,6155.09
Thailand,Low-SEC,Impulse,Multi-pack,Health-Oriented,Modern Trade,20,27.93,-0.66,510,10200,0.25,2517.99
Thailand,Low-SEC,Impulse,Multi-pack,Health-Oriented,Traditional Trade,30,36.01,-0.74,506,15180,0.41,6247.2
Thailand,Low-SEC,Top-up,Small (20g),Classic Salted,7-Eleven,50,69.94,-0.5,476,23800,0.43,10322.79
Thailand,Low-SEC,Top-up,Small (20g),Classic Salted,Modern Trade,20,22.94,-0.77,513,10260,0.44,4523.05
Thailand,Low-SEC,Top-up,Small (20g),Classic Salted,Traditional Trade,70,84.3,-0.91,494,34580,0.37,12856.23
Thailand,Low-SEC,Top-up,Small (20g),Spicy,7-Eleven,100,125.58,-1.17,539,53900,0.38,20366.23
Thailand,Low-SEC,Top-up,Small (20g),Spicy,Modern Trade,5,5.77,-1.46,495,2475,0.38,945.58
Thailand,Low-SEC,Top-up,Small (20g),Spicy,Traditional Trade,20,23.7,-0.44,531,10620,0.26,2796.98
Thailand,Low-SEC,Top-up,Small (20g),Local Specialty,7-Eleven,10,12.63,-1.16,508,5080,0.34,1724.67
Thailand,Low-SEC,Top-up,Small (20g),Local Specialty,Modern Trade,100,111.96,-0.48,456,45600,0.22,10036.79
Thailand,Low-SEC,Top-up,Small (20g),Local Specialty,Traditional Trade,5,5.9,-1.41,480,2400,0.34,817.76
Thailand,Low-SEC,Top-up,Small (20g),Health-Oriented,7-Eleven,10,11.25,-1.18,466,4660,0.24,1137.89
Thailand,Low-SEC,Top-up,Small (20g),Health-Oriented,Modern Trade,5,5.97,-1.17,521,2605,0.29,754.97
Thailand,Low-SEC,Top-up,Small (20g),Health-Oriented,Traditional Trade,50,62.4,-1.22,471,23550,0.31,7220.33
Thailand,Low-SEC,Top-up,Medium (50g),Classic Salted,7-Eleven,50,57.72,-1.25,522,26100,0.3,7902.91
Thailand,Low-SEC,Top-up,Medium (50g),Classic Salted,Modern Trade,50,60.91,-0.46,474,23700,0.35,8185.07
Thailand,Low-SEC,Top-up,Medium (50g),Classic Salted,Traditional Trade,20,25.15,-0.54,472,9440,0.35,3319.6
Thailand,Low-SEC,Top-up,Medium (50g),Spicy,7-Eleven,30,30.64,-1.33,508,15240,0.35,5278.38
Thailand,Low-SEC,Top-up,Medium (50g),Spicy,Modern Trade,30,35.76,-1.13,523,15690,0.33,5108.38
Thailand,Low-SEC,Top-up,Medium (50g),Spicy,Traditional Trade,30,33.5,-0.95,515,15450,0.4,6182.53
Thailand,Low-SEC,Top-up,Medium (50g),Local Specialty,7-Eleven,10,12.48,-1.12,502,5020,0.5,2494.11
Thailand,Low-SEC,Top-up,Medium (50g),Local Specialty,Modern Trade,70,86.58,-0.43,492,34440,0.35,11944.4
Thailand,Low-SEC,Top-up,Medium (50g),Local Specialty,Traditional Trade,20,23.9,-0.92,525,10500,0.46,4808.35
Thailand,Low-SEC,Top-up,Medium (50g),Health-Oriented,7-Eleven,10,13.7,-1.01,489,4890,0.43,2096.51
Thailand,Low-SEC,Top-up,Medium (50g),Health-Oriented,Modern Trade,5,5.88,-0.36,476,2380,0.37,889.63
Thailand,Low-SEC,Top-up,Medium (50g),Health-Oriented,Traditional Trade,30,35.1,-0.91,509,15270,0.37,5585.75
Thailand,Low-SEC,Top-up,Large (100g),Classic Salted,7-Eleven,70,94.34,-1.33,504,35280,0.28,10005.16
Thailand,Low-SEC,Top-up,Large (100g),Classic Salted,Modern Trade,100,108.32,-1.24,477,47700,0.29,13628.48
Thailand,Low-SEC,Top-up,Large (100g),Classic Salted,Traditional Trade,30,32.69,-1.05,521,15630,0.23,3534.02
Thailand,Low-SEC,Top-up,Large (100g),Spicy,7-Eleven,100,122.21,-0.83,526,52600,0.25,13283.44
Thailand,Low-SEC,Top-up,Large (100g),Spicy,Modern Trade,20,21.8,-1.24,530,10600,0.28,2957.13
Thailand,Low-SEC,Top-up,Large (100g),Spicy,Traditional Trade,10,12.68,-1.5,529,5290,0.39,2053.57
Thailand,Low-SEC,Top-up,Large (100g),Local Specialty,7-Eleven,70,79.54,-0.95,490,34300,0.35,11862.28
Thailand,Low-SEC,Top-up,Large (100g),Local Specialty,Modern Trade,100,124.58,-0.4,442,44200,0.26,11591.99
Thailand,Low-SEC,Top-up,Large (100g),Local Specialty,Traditional Trade,50,61.46,-0.94,498,24900,0.25,6134.06
Thailand,Low-SEC,Top-up,Large (100g),Health-Oriented,7-Eleven,100,118.13,-0.92,495,49500,0.5,24743.43
Thailand,Low-SEC,Top-up,Large (100g),Health-Oriented,Modern Trade,10,11.47,-0.51,476,4760,0.26,1243.95
Thailand,Low-SEC,Top-up,Large (100g),Health-Oriented,Traditional Trade,100,133.88,-1.09,501,50100,0.47,23706.4
Thailand,Low-SEC,Top-up,Multi-pack,Classic Salted,7-Eleven,100,125.08,-1.44,496,49600,0.25,12310.91
Thailand,Low-SEC,Top-up,Multi-pack,Classic Salted,Modern Trade,30,47.78,-1.47,497,14910,0.21,3203.93
Thailand,Low-SEC,Top-up,Multi-pack,Classic Salted,Traditional Trade,20,22.86,-0.77,485,9700,0.31,3045.08
Thailand,Low-SEC,Top-up,Multi-pack,Spicy,7-Eleven,50,61.65,-0.54,493,24650,0.24,5857.97
Thailand,Low-SEC,Top-up,Multi-pack,Spicy,Modern Trade,5,5.63,-0.69,504,2520,0.32,796.82
Thailand,Low-SEC,Top-up,Multi-pack,Spicy,Traditional Trade,20,25.52,-1.42,501,10020,0.27,2708.68
Thailand,Low-SEC,Top-up,Multi-pack,Local Specialty,7-Eleven,20,23.61,-0.35,511,10220,0.28,2858.01
Thailand,Low-SEC,Top-up,Multi-pack,Local Specialty,Modern Trade,100,119.36,-0.77,512,51200,0.45,23266.96
Thailand,Low-SEC,Top-up,Multi-pack,Local Specialty,Traditional Trade,100,111.11,-1.16,561,56100,0.41,23271.12
Thailand,Low-SEC,Top-up,Multi-pack,Health-Oriented,7-Eleven,30,38.87,-0.65,487,14610,0.22,3267.99
Thailand,Low-SEC,Top-up,Multi-pack,Health-Oriented,Modern Trade,5,5.18,-1.09,477,2385,0.48,1141.44
Thailand,Low-SEC,Top-up,Multi-pack,Health-Oriented,Traditional Trade,30,34.82,-1.43,464,13920,0.38,5269.61
Thailand,Low-SEC,Sharing,Small (20g),Classic Salted,7-Eleven,100,120.85,-1.2,498,49800,0.43,21182.59
Thailand,Low-SEC,Sharing,Small (20g),Classic Salted,Modern Trade,30,27.03,-0.6,505,15150,0.45,6745.12
Thailand,Low-SEC,Sharing,Small (20g),Classic Salted,Traditional Trade,10,11.05,-1.02,531,5310,0.47,2510.32
Thailand,Low-SEC,Sharing,Small (20g),Spicy,7-Eleven,5,6.87,-1.12,513,2565,0.26,659.67
Thailand,Low-SEC,Sharing,Small (20g),Spicy,Modern Trade,10,11.47,-0.98,524,5240,0.42,2203.3
Thailand,Low-SEC,Sharing,Small (20g),Spicy,Traditional Trade,10,10.94,-0.86,486,4860,0.29,1409.32
Thailand,Low-SEC,Sharing,Small (20g),Local Specialty,7-Eleven,5,5.32,-1.3,469,2345,0.47,1103.85
Thailand,Low-SEC,Sharing,Small (20g),Local Specialty,Modern Trade,5,6.99,-1.09,516,2580,0.48,1237.02
Thailand,Low-SEC,Sharing,Small (20g),Local Specialty,Traditional Trade,30,36.79,-0.71,534,16020,0.3,4774.58
Thailand,Low-SEC,Sharing,Small (20g),Health-Oriented,7-Eleven,100,132.72,-1.49,524,52400,0.23,12122.03
Thailand,Low-SEC,Sharing,Small (20g),Health-Oriented,Modern Trade,10,10.87,-1.36,457,4570,0.42,1926.99
Thailand,Low-SEC,Sharing,Small (20g),Health-Oriented,Traditional Trade,5,7.21,-1.46,510,2550,0.23,589
Thailand,Low-SEC,Sharing,Medium (50g),Classic Salted,7-Eleven,30,36.77,-1.14,545,16350,0.5,8094.4
Thailand,Low-SEC,Sharing,Medium (50g),Classic Salted,Modern Trade,70,75.31,-1.19,490,34300,0.22,7402.95
Thailand,Low-SEC,Sharing,Medium (50g),Classic Salted,Traditional Trade,70,81.1,-1.23,507,35490,0.37,13248.05
Thailand,Low-SEC,Sharing,Medium (50g),Spicy,7-Eleven,100,138.88,-1.07,524,52400,0.34,17983.95
Thailand,Low-SEC,Sharing,Medium (50g),Spicy,Modern Trade,70,74.99,-0.53,489,34230,0.23,7715.66
Thailand,Low-SEC,Sharing,Medium (50g),Spicy,Traditional Trade,50,53.01,-0.94,499,24950,0.27,6645.97
Thailand,Low-SEC,Sharing,Medium (50g),Local Specialty,7-Eleven,70,92.4,-0.51,492,34440,0.29,10021.55
Thailand,Low-SEC,Sharing,Medium (50g),Local Specialty,Modern Trade,30,34.61,-0.38,512,15360,0.21,3222.49
Thailand,Low-SEC,Sharing,Medium (50g),Local Specialty,Traditional Trade,30,28.54,-1.31,504,15120,0.22,3334.49
Thailand,Low-SEC,Sharing,Medium (50g),Health-Oriented,7-Eleven,20,22.68,-1,469,9380,0.48,4516.89
Thailand,Low-SEC,Sharing,Medium (50g),Health-Oriented,Modern Trade,10,11.41,-1.07,503,5030,0.45,2263.97
Thailand,Low-SEC,Sharing,Medium (50g),Health-Oriented,Traditional Trade,50,61.12,-0.52,507,25350,0.28,7011.83
Thailand,Low-SEC,Sharing,Large (100g),Classic Salted,7-Eleven,5,5.86,-1,512,2560,0.22,565.84
Thailand,Low-SEC,Sharing,Large (100g),Classic Salted,Modern Trade,20,22.43,-1.03,477,9540,0.45,4275.74
Thailand,Low-SEC,Sharing,Large (100g),Classic Salted,Traditional Trade,100,119.07,-1.3,530,53000,0.27,14278.95
Thailand,Low-SEC,Sharing,Large (100g),Spicy,7-Eleven,30,34.41,-0.9,480,14400,0.48,6916.19
Thailand,Low-SEC,Sharing,Large (100g),Spicy,Modern Trade,20,24.45,-0.74,494,9880,0.36,3550.76
Thailand,Low-SEC,Sharing,Large (100g),Spicy,Traditional Trade,20,25.39,-0.69,495,9900,0.45,4428.68
Thailand,Low-SEC,Sharing,Large (100g),Local Specialty,7-Eleven,100,122.34,-0.85,526,52600,0.31,16501.26
Thailand,Low-SEC,Sharing,Large (100g),Local Specialty,Modern Trade,100,117.51,-0.4,483,48300,0.35,16673.46
Thailand,Low-SEC,Sharing,Large (100g),Local Specialty,Traditional Trade,70,70.34,-0.81,488,34160,0.28,9619.44
Thailand,Low-SEC,Sharing,Large (100g),Health-Oriented,7-Eleven,100,121.44,-1.49,493,49300,0.3,14974.47
Thailand,Low-SEC,Sharing,Large (100g),Health-Oriented,Modern Trade,50,65.21,-0.36,494,24700,0.28,6910.53
Thailand,Low-SEC,Sharing,Large (100g),Health-Oriented,Traditional Trade,5,6.29,-0.31,510,2550,0.24,602.1
Thailand,Low-SEC,Sharing,Multi-pack,Classic Salted,7-Eleven,20,21.41,-1.13,503,10060,0.25,2495.56
Thailand,Low-SEC,Sharing,Multi-pack,Classic Salted,Modern Trade,20,25.14,-1.29,495,9900,0.47,4646.96
Thailand,Low-SEC,Sharing,Multi-pack,Classic Salted,Traditional Trade,100,118.06,-1.38,507,50700,0.27,13696.29
Thailand,Low-SEC,Sharing,Multi-pack,Spicy,7-Eleven,50,56.22,-1.47,472,23600,0.46,10868.34
Thailand,Low-SEC,Sharing,Multi-pack,Spicy,Modern Trade,70,83.02,-1.44,493,34510,0.37,12940.41
Thailand,Low-SEC,Sharing,Multi-pack,Spicy,Traditional Trade,20,25.48,-1.49,520,10400,0.21,2205.6
Thailand,Low-SEC,Sharing,Multi-pack,Local Specialty,7-Eleven,10,10.27,-0.33,503,5030,0.41,2076.54
Thailand,Low-SEC,Sharing,Multi-pack,Local Specialty,Modern Trade,100,134.95,-1.17,535,53500,0.36,19525.39
Thailand,Low-SEC,Sharing,Multi-pack,Local Specialty,Traditional Trade,5,5.95,-0.5,522,2610,0.27,699.02
Thailand,Low-SEC,Sharing,Multi-pack,Health-Oriented,7-Eleven,70,79.78,-0.52,542,37940,0.34,12710.57
Thailand,Low-SEC,Sharing,Multi-pack,Health-Oriented,Modern Trade,30,38.53,-1.4,480,14400,0.22,3101.59
Thailand,Low-SEC,Sharing,Multi-pack,Health-Oriented,Traditional Trade,50,58.15,-0.91,496,24800,0.32,7895.62
Thailand,Low-SEC,Health-conscious,Small (20g),Classic Salted,7-Eleven,100,107.63,-0.81,522,52200,0.25,12850.07
Thailand,Low-SEC,Health-conscious,Small (20g),Classic Salted,Modern Trade,20,24.22,-1.32,484,9680,0.32,3122.16
Thailand,Low-SEC,Health-conscious,Small (20g),Classic Salted,Traditional Trade,5,5.81,-1.46,493,2465,0.26,636.05
Thailand,Low-SEC,Health-conscious,Small (20g),Spicy,7-Eleven,5,6.08,-0.73,484,2420,0.47,1134.27
Thailand,Low-SEC,Health-conscious,Small (20g),Spicy,Modern Trade,20,22,-1.01,482,9640,0.45,4316.98
Thailand,Low-SEC,Health-conscious,Small (20g),Spicy,Traditional Trade,50,56.24,-0.69,524,26200,0.25,6468.65
Thailand,Low-SEC,Health-conscious,Small (20g),Local Specialty,7-Eleven,5,5.61,-0.69,484,2420,0.5,1204.61
Thailand,Low-SEC,Health-conscious,Small (20g),Local Specialty,Modern Trade,20,26.66,-1.31,521,10420,0.37,3890.22
Thailand,Low-SEC,Health-conscious,Small (20g),Local Specialty,Traditional Trade,30,34.77,-0.94,508,15240,0.33,5002.47
Thailand,Low-SEC,Health-conscious,Small (20g),Health-Oriented,7-Eleven,5,6.36,-1.1,504,2520,0.26,656.36
Thailand,Low-SEC,Health-conscious,Small (20g),Health-Oriented,Modern Trade,5,6.09,-0.51,504,2520,0.2,516.25
Thailand,Low-SEC,Health-conscious,Small (20g),Health-Oriented,Traditional Trade,70,86.98,-0.52,480,33600,0.28,9270.51
Thailand,Low-SEC,Health-conscious,Medium (50g),Classic Salted,7-Eleven,5,6.45,-1.11,512,2560,0.38,975.22
Thailand,Low-SEC,Health-conscious,Medium (50g),Classic Salted,Modern Trade,5,6.23,-0.68,505,2525,0.28,714.01
Thailand,Low-SEC,Health-conscious,Medium (50g),Classic Salted,Traditional Trade,10,11.26,-0.67,481,4810,0.42,2040.03
Thailand,Low-SEC,Health-conscious,Medium (50g),Spicy,7-Eleven,10,12.72,-1.24,455,4550,0.38,1737.19
Thailand,Low-SEC,Health-conscious,Medium (50g),Spicy,Modern Trade,10,11.15,-0.93,541,5410,0.34,1837.24
Thailand,Low-SEC,Health-conscious,Medium (50g),Spicy,Traditional Trade,30,39.75,-1.48,462,13860,0.21,2887.81
Thailand,Low-SEC,Health-conscious,Medium (50g),Local Specialty,7-Eleven,30,32.79,-0.84,476,14280,0.4,5699.82
Thailand,Low-SEC,Health-conscious,Medium (50g),Local Specialty,Modern Trade,10,13.91,-0.34,505,5050,0.35,1767.92
Thailand,Low-SEC,Health-conscious,Medium (50g),Local Specialty,Traditional Trade,70,72.32,-0.4,494,34580,0.41,14330.49
Thailand,Low-SEC,Health-conscious,Medium (50g),Health-Oriented,7-Eleven,70,91.41,-1.15,502,35140,0.47,16518.58
Thailand,Low-SEC,Health-conscious,Medium (50g),Health-Oriented,Modern Trade,30,37.92,-0.68,548,16440,0.2,3293.48
Thailand,Low-SEC,Health-conscious,Medium (50g),Health-Oriented,Traditional Trade,50,65.29,-1.17,480,24000,0.39,9362.72
Thailand,Low-SEC,Health-conscious,Large (100g),Classic Salted,7-Eleven,70,82.33,-0.63,488,34160,0.37,12535.82
Thailand,Low-SEC,Health-conscious,Large (100g),Classic Salted,Modern Trade,10,12.05,-1.09,471,4710,0.45,2116.94
Thailand,Low-SEC,Health-conscious,Large (100g),Classic Salted,Traditional Trade,10,12.23,-1.38,494,4940,0.43,2143.69
Thailand,Low-SEC,Health-conscious,Large (100g),Spicy,7-Eleven,100,126.46,-1.36,491,49100,0.2,10009.98
Thailand,Low-SEC,Health-conscious,Large (100g),Spicy,Modern Trade,10,13.17,-0.35,504,5040,0.23,1136.61
Thailand,Low-SEC,Health-conscious,Large (100g),Spicy,Traditional Trade,10,12.13,-0.84,492,4920,0.32,1557.76
Thailand,Low-SEC,Health-conscious,Large (100g),Local Specialty,7-Eleven,30,35.01,-1.12,465,13950,0.5,6922
Thailand,Low-SEC,Health-conscious,Large (100g),Local Specialty,Modern Trade,20,23.58,-0.97,502,10040,0.5,5006.65
Thailand,Low-SEC,Health-conscious,Large (100g),Local Specialty,Traditional Trade,100,132.77,-1.11,487,48700,0.4,19565.33
Thailand,Low-SEC,Health-conscious,Large (100g),Health-Oriented,7-Eleven,50,61.69,-0.68,488,24400,0.39,9509.14
Thailand,Low-SEC,Health-conscious,Large (100g),Health-Oriented,Modern Trade,20,24.43,-0.67,513,10260,0.46,4738.66
Thailand,Low-SEC,Health-conscious,Large (100g),Health-Oriented,Traditional Trade,70,76.82,-0.9,516,36120,0.26,9246.43
Thailand,Low-SEC,Health-conscious,Multi-pack,Classic Salted,7-Eleven,30,42.26,-0.48,478,14340,0.49,7012.89
Thailand,Low-SEC,Health-conscious,Multi-pack,Classic Salted,Modern Trade,50,54.93,-1.37,499,24950,0.36,9042.19
Thailand,Low-SEC,Health-conscious,Multi-pack,Classic Salted,Traditional Trade,70,85.37,-0.85,482,33740,0.45,15048.72
Thailand,Low-SEC,Health-conscious,Multi-pack,Spicy,7-Eleven,70,77.67,-1.45,500,35000,0.28,9649.28
Thailand,Low-SEC,Health-conscious,Multi-pack,Spicy,Modern Trade,50,64.57,-0.42,522,26100,0.42,10937.64
Thailand,Low-SEC,Health-conscious,Multi-pack,Spicy,Traditional Trade,10,10.45,-1.06,509,5090,0.26,1308.03
Thailand,Low-SEC,Health-conscious,Multi-pack,Local Specialty,7-Eleven,70,87.52,-1.07,536,37520,0.29,11058.34
Thailand,Low-SEC,Health-conscious,Multi-pack,Local Specialty,Modern Trade,5,6.9,-1.43,518,2590,0.3,775.46
Thailand,Low-SEC,Health-conscious,Multi-pack,Local Specialty,Traditional Trade,100,110.35,-0.59,497,49700,0.48,23876.82
Thailand,Low-SEC,Health-conscious,Multi-pack,Health-Oriented,7-Eleven,30,40.89,-1.2,469,14070,0.49,6905.51
Thailand,Low-SEC,Health-conscious,Multi-pack,Health-Oriented,Modern Trade,100,114.06,-1.09,500,50000,0.4,19871.53
Thailand,Low-SEC,Health-conscious,Multi-pack,Health-Oriented,Traditional Trade,5,5.92,-0.3,497,2485,0.32,795.72
Thailand,Mid-SEC,Impulse,Small (20g),Classic Salted,7-Eleven,5,5.1,-0.71,496,2480,0.22,541.72
Thailand,Mid-SEC,Impulse,Small (20g),Classic Salted,Modern Trade,50,53.22,-0.52,546,27300,0.49,13277.89
Thailand,Mid-SEC,Impulse,Small (20g),Classic Salted,Traditional Trade,70,83.46,-0.78,505,35350,0.3,10655.39
Thailand,Mid-SEC,Impulse,Small (20g),Spicy,7-Eleven,10,10.8,-1.35,493,4930,0.42,2072.13
Thailand,Mid-SEC,Impulse,Small (20g),Spicy,Modern Trade,100,141.65,-0.45,505,50500,0.44,22265.63
Thailand,Mid-SEC,Impulse,Small (20g),Spicy,Traditional Trade,20,26.38,-0.85,461,9220,0.47,4355.58
Thailand,Mid-SEC,Impulse,Small (20g),Local Specialty,7-Eleven,10,10.42,-1.33,474,4740,0.38,1795.06
Thailand,Mid-SEC,Impulse,Small (20g),Local Specialty,Modern Trade,10,11.2,-1.4,545,5450,0.38,2049.13
Thailand,Mid-SEC,Impulse,Small (20g),Local Specialty,Traditional Trade,10,14.27,-0.51,520,5200,0.48,2507.77
Thailand,Mid-SEC,Impulse,Small (20g),Health-Oriented,7-Eleven,20,23.19,-1.35,476,9520,0.21,2019.06
Thailand,Mid-SEC,Impulse,Small (20g),Health-Oriented,Modern Trade,30,37.31,-0.8,544,16320,0.34,5620.34
Thailand,Mid-SEC,Impulse,Small (20g),Health-Oriented,Traditional Trade,10,9.47,-0.53,551,5510,0.49,2726.11
Thailand,Mid-SEC,Impulse,Medium (50g),Classic Salted,7-Eleven,5,5.66,-0.97,509,2545,0.22,550.66
Thailand,Mid-SEC,Impulse,Medium (50g),Classic Salted,Modern Trade,10,11.6,-0.78,534,5340,0.26,1414.57
Thailand,Mid-SEC,Impulse,Medium (50g),Classic Salted,Traditional Trade,10,11.39,-0.52,524,5240,0.31,1603.08
Thailand,Mid-SEC,Impulse,Medium (50g),Spicy,7-Eleven,30,35.77,-0.54,503,15090,0.39,5876.61
Thailand,Mid-SEC,Impulse,Medium (50g),Spicy,Modern Trade,30,37.4,-1,556,16680,0.38,6363.87
Thailand,Mid-SEC,Impulse,Medium (50g),Spicy,Traditional Trade,5,6.67,-1.24,508,2540,0.26,648.85
Thailand,Mid-SEC,Impulse,Medium (50g),Local Specialty,7-Eleven,50,60.73,-0.58,501,25050,0.4,10018.91
Thailand,Mid-SEC,Impulse,Medium (50g),Local Specialty,Modern Trade,10,11.39,-1.4,496,4960,0.26,1266.48
Thailand,Mid-SEC,Impulse,Medium (50g),Local Specialty,Traditional Trade,20,23.04,-1.44,493,9860,0.34,3401.58
Thailand,Mid-SEC,Impulse,Medium (50g),Health-Oriented,7-Eleven,50,53.72,-1.04,525,26250,0.35,9232.36
Thailand,Mid-SEC,Impulse,Medium (50g),Health-Oriented,Modern Trade,5,6.85,-0.45,504,2520,0.21,540.81
Thailand,Mid-SEC,Impulse,Medium (50g),Health-Oriented,Traditional Trade,50,69.49,-1.38,445,22250,0.36,8062.98
Thailand,Mid-SEC,Impulse,Large (100g),Classic Salted,7-Eleven,50,57.94,-0.36,526,26300,0.22,5869.01
Thailand,Mid-SEC,Impulse,Large (100g),Classic Salted,Modern Trade,70,84.92,-1.3,470,32900,0.36,11698.2
Thailand,Mid-SEC,Impulse,Large (100g),Classic Salted,Traditional Trade,50,56.41,-0.31,512,25600,0.24,6214.83
Thailand,Mid-SEC,Impulse,Large (100g),Spicy,7-Eleven,30,32.15,-1.04,503,15090,0.2,3036.96
Thailand,Mid-SEC,Impulse,Large (100g),Spicy,Modern Trade,100,131.54,-1.01,499,49900,0.21,10339.36
Thailand,Mid-SEC,Impulse,Large (100g),Spicy,Traditional Trade,50,66.93,-1.1,476,23800,0.49,11590.98
Thailand,Mid-SEC,Impulse,Large (100g),Local Specialty,7-Eleven,100,135.3,-1.12,493,49300,0.23,11294.12
Thailand,Mid-SEC,Impulse,Large (100g),Local Specialty,Modern Trade,100,126.65,-1.29,521,52100,0.36,18968.5
Thailand,Mid-SEC,Impulse,Large (100g),Local Specialty,Traditional Trade,5,6.41,-1.41,485,2425,0.43,1054.21
Thailand,Mid-SEC,Impulse,Large (100g),Health-Oriented,7-Eleven,20,23.9,-0.31,482,9640,0.45,4330.16
Thailand,Mid-SEC,Impulse,Large (100g),Health-Oriented,Modern Trade,5,5.75,-1.01,521,2605,0.42,1092.18
Thailand,Mid-SEC,Impulse,Large (100g),Health-Oriented,Traditional Trade,20,21.26,-1,505,10100,0.44,4456.62
Thailand,Mid-SEC,Impulse,Multi-pack,Classic Salted,7-Eleven,10,11.2,-1,503,5030,0.36,1790.09
Thailand,Mid-SEC,Impulse,Multi-pack,Classic Salted,Modern Trade,30,37.27,-0.3,472,14160,0.32,4514.21
Thailand,Mid-SEC,Impulse,Multi-pack,Classic Salted,Traditional Trade,70,79.93,-0.7,499,34930,0.31,10735.5
Thailand,Mid-SEC,Impulse,Multi-pack,Spicy,7-Eleven,20,21.65,-0.79,505,10100,0.34,3449.37
Thailand,Mid-SEC,Impulse,Multi-pack,Spicy,Modern Trade,10,14.1,-1.25,516,5160,0.31,1581.28
Thailand,Mid-SEC,Impulse,Multi-pack,Spicy,Traditional Trade,10,13.59,-0.56,504,5040,0.41,2058.77
Thailand,Mid-SEC,Impulse,Multi-pack,Local Specialty,7-Eleven,50,66.88,-0.62,507,25350,0.24,6082.85
Thailand,Mid-SEC,Impulse,Multi-pack,Local Specialty,Modern Trade,20,24.63,-1.19,495,9900,0.35,3505.71
Thailand,Mid-SEC,Impulse,Multi-pack,Local Specialty,Traditional Trade,70,71.12,-0.62,546,38220,0.34,13051.93
Thailand,Mid-SEC,Impulse,Multi-pack,Health-Oriented,7-Eleven,100,119.68,-1.39,508,50800,0.32,16368.25
Thailand,Mid-SEC,Impulse,Multi-pack,Health-Oriented,Modern Trade,10,12.96,-1.26,505,5050,0.38,1914.37
Thailand,Mid-SEC,Impulse,Multi-pack,Health-Oriented,Traditional Trade,50,60.26,-0.53,495,24750,0.47,11729.33
Thailand,Mid-SEC,Top-up,Small (20g),Classic Salted,7-Eleven,5,5.36,-1.18,478,2390,0.29,697.7
Thailand,Mid-SEC,Top-up,Small (20g),Classic Salted,Modern Trade,10,12.29,-0.83,506,5060,0.38,1946.21
Thailand,Mid-SEC,Top-up,Small (20g),Classic Salted,Traditional Trade,100,120.71,-1.24,485,48500,0.44,21512.65
Thailand,Mid-SEC,Top-up,Small (20g),Spicy,7-Eleven,5,5.35,-1.48,510,2550,0.44,1120.97
Thailand,Mid-SEC,Top-up,Small (20g),Spicy,Modern Trade,100,143.04,-0.7,512,51200,0.5,25553.14
Thailand,Mid-SEC,Top-up,Small (20g),Spicy,Traditional Trade,50,52.6,-0.64,486,24300,0.21,5218.82
Thailand,Mid-SEC,Top-up,Small (20g),Local Specialty,7-Eleven,50,61.68,-1.19,480,24000,0.46,10985.6
Thailand,Mid-SEC,Top-up,Small (20g),Local Specialty,Modern Trade,30,35.32,-0.9,511,15330,0.43,6552.23
Thailand,Mid-SEC,Top-up,Small (20g),Local Specialty,Traditional Trade,50,56.1,-1.01,509,25450,0.29,7406.35
Thailand,Mid-SEC,Top-up,Small (20g),Health-Oriented,7-Eleven,100,130.82,-0.56,518,51800,0.49,25366.03
Thailand,Mid-SEC,Top-up,Small (20g),Health-Oriented,Modern Trade,100,110.14,-0.69,515,51500,0.26,13495.34
Thailand,Mid-SEC,Top-up,Small (20g),Health-Oriented,Traditional Trade,100,117.16,-0.89,487,48700,0.39,19166.64
Thailand,Mid-SEC,Top-up,Medium (50g),Classic Salted,7-Eleven,10,11.17,-1.01,484,4840,0.44,2105.48
Thailand,Mid-SEC,Top-up,Medium (50g),Classic Salted,Modern Trade,20,25.53,-0.41,492,9840,0.47,4615.93
Thailand,Mid-SEC,Top-up,Medium (50g),Classic Salted,Traditional Trade,10,11.66,-0.35,492,4920,0.22,1076.15
Thailand,Mid-SEC,Top-up,Medium (50g),Spicy,7-Eleven,70,86.59,-0.92,468,32760,0.3,9666.91
Thailand,Mid-SEC,Top-up,Medium (50g),Spicy,Modern Trade,100,122.59,-1.14,528,52800,0.43,22672.07
Thailand,Mid-SEC,Top-up,Medium (50g),Spicy,Traditional Trade,10,12.21,-1.32,512,5120,0.35,1792.89
Thailand,Mid-SEC,Top-up,Medium (50g),Local Specialty,7-Eleven,5,6.08,-1.36,487,2435,0.46,1116.27
Thailand,Mid-SEC,Top-up,Medium (50g),Local Specialty,Modern Trade,50,71.06,-1.34,552,27600,0.4,11003.96
Thailand,Mid-SEC,Top-up,Medium (50g),Local Specialty,Traditional Trade,30,38.19,-0.37,488,14640,0.24,3506.37
Thailand,Mid-SEC,Top-up,Medium (50g),Health-Oriented,7-Eleven,100,125.9,-0.65,516,51600,0.28,14225.83
Thailand,Mid-SEC,Top-up,Medium (50g),Health-Oriented,Modern Trade,30,35.81,-1.44,515,15450,0.45,7025.57
Thailand,Mid-SEC,Top-up,Medium (50g),Health-Oriented,Traditional Trade,50,60.36,-1.04,475,23750,0.36,8660.98
Thailand,Mid-SEC,Top-up,Large (100g),Classic Salted,7-Eleven,10,12.6,-0.89,507,5070,0.45,2274.47
Thailand,Mid-SEC,Top-up,Large (100g),Classic Salted,Modern Trade,30,33.45,-0.5,514,15420,0.45,6964.54
Thailand,Mid-SEC,Top-up,Large (100g),Classic Salted,Traditional Trade,50,66.09,-1.06,530,26500,0.23,6195.09
Thailand,Mid-SEC,Top-up,Large (100g),Spicy,7-Eleven,100,130.57,-1.01,531,53100,0.49,25935.37
Thailand,Mid-SEC,Top-up,Large (100g),Spicy,Modern Trade,20,26.13,-1.18,483,9660,0.29,2796.39
Thailand,Mid-SEC,Top-up,Large (100g),Spicy,Traditional Trade,30,40.36,-0.57,493,14790,0.2,3005.54
Thailand,Mid-SEC,Top-up,Large (100g),Local Specialty,7-Eleven,100,124.24,-1.06,491,49100,0.36,17487.61
Thailand,Mid-SEC,Top-up,Large (100g),Local Specialty,Modern Trade,100,120.39,-0.97,530,53000,0.35,18673.35
Thailand,Mid-SEC,Top-up,Large (100g),Local Specialty,Traditional Trade,5,5.91,-0.7,506,2530,0.33,826.44
Thailand,Mid-SEC,Top-up,Large (100g),Health-Oriented,7-Eleven,50,59.47,-0.56,478,23900,0.39,9431.52
Thailand,Mid-SEC,Top-up,Large (100g),Health-Oriented,Modern Trade,20,21.6,-1.19,517,10340,0.3,3063.29
Thailand,Mid-SEC,Top-up,Large (100g),Health-Oriented,Traditional Trade,20,19.37,-0.78,539,10780,0.22,2333.01
Thailand,Mid-SEC,Top-up,Multi-pack,Classic Salted,7-Eleven,20,23.26,-1.24,526,10520,0.25,2633.62
Thailand,Mid-SEC,Top-up,Multi-pack,Classic Salted,Modern Trade,50,53.26,-1.36,458,22900,0.48,10960.91
Thailand,Mid-SEC,Top-up,Multi-pack,Classic Salted,Traditional Trade,50,55.02,-0.89,490,24500,0.39,9466.78
Thailand,Mid-SEC,Top-up,Multi-pack,Spicy,7-Eleven,30,35.46,-0.64,468,14040,0.5,6996.12
Thailand,Mid-SEC,Top-up,Multi-pack,Spicy,Modern Trade,50,66.26,-1.09,496,24800,0.35,8746.17
Thailand,Mid-SEC,Top-up,Multi-pack,Spicy,Traditional Trade,30,34.66,-0.47,528,15840,0.43,6865.28
Thailand,Mid-SEC,Top-up,Multi-pack,Local Specialty,7-Eleven,30,36.83,-0.92,483,14490,0.5,7210.81
Thailand,Mid-SEC,Top-up,Multi-pack,Local Specialty,Modern Trade,5,5.99,-0.47,465,2325,0.3,706.04
Thailand,Mid-SEC,Top-up,Multi-pack,Local Specialty,Traditional Trade,70,88.65,-1.1,524,36680,0.29,10723.24
Thailand,Mid-SEC,Top-up,Multi-pack,Health-Oriented,7-Eleven,20,22.89,-1.21,481,9620,0.26,2464.04
Thailand,Mid-SEC,Top-up,Multi-pack,Health-Oriented,Modern Trade,5,5.11,-1,492,2460,0.47,1160.11
Thailand,Mid-SEC,Top-up,Multi-pack,Health-Oriented,Traditional Trade,10,12.47,-0.91,489,4890,0.49,2376.64
Thailand,Mid-SEC,Sharing,Small (20g),Classic Salted,7-Eleven,20,23.7,-1.14,488,9760,0.43,4245.1
Thailand,Mid-SEC,Sharing,Small (20g),Classic Salted,Modern Trade,20,23.35,-1.35,509,10180,0.22,2251.42
Thailand,Mid-SEC,Sharing,Small (20g),Classic Salted,Traditional Trade,100,121.81,-1.41,554,55400,0.46,25367.31
Thailand,Mid-SEC,Sharing,Small (20g),Spicy,7-Eleven,50,66.52,-1.3,527,26350,0.35,9315.62
Thailand,Mid-SEC,Sharing,Small (20g),Spicy,Modern Trade,100,118.36,-1.16,486,48600,0.32,15454.62
Thailand,Mid-SEC,Sharing,Small (20g),Spicy,Traditional Trade,50,61.06,-0.85,475,23750,0.25,5943.91
Thailand,Mid-SEC,Sharing,Small (20g),Local Specialty,7-Eleven,10,12.03,-0.54,516,5160,0.25,1273.14
Thailand,Mid-SEC,Sharing,Small (20g),Local Specialty,Modern Trade,20,20.06,-0.84,463,9260,0.32,3000.75
Thailand,Mid-SEC,Sharing,Small (20g),Local Specialty,Traditional Trade,100,116.17,-1.29,493,49300,0.24,11948.33
Thailand,Mid-SEC,Sharing,Small (20g),Health-Oriented,7-Eleven,100,118.76,-0.58,492,49200,0.3,14896.64
Thailand,Mid-SEC,Sharing,Small (20g),Health-Oriented,Modern Trade,5,5.41,-1.32,544,2720,0.47,1268.17
Thailand,Mid-SEC,Sharing,Small (20g),Health-Oriented,Traditional Trade,10,12.49,-0.75,522,5220,0.3,1568.28
Thailand,Mid-SEC,Sharing,Medium (50g),Classic Salted,7-Eleven,10,13.04,-1.07,473,4730,0.44,2101.61
Thailand,Mid-SEC,Sharing,Medium (50g),Classic Salted,Modern Trade,20,21.15,-1.04,471,9420,0.27,2555.13
Thailand,Mid-SEC,Sharing,Medium (50g),Classic Salted,Traditional Trade,50,64.89,-0.78,513,25650,0.45,11470.66
Thailand,Mid-SEC,Sharing,Medium (50g),Spicy,7-Eleven,100,106.28,-1.26,498,49800,0.25,12651.57
Thailand,Mid-SEC,Sharing,Medium (50g),Spicy,Modern Trade,50,66.48,-1.47,513,25650,0.22,5558.93
Thailand,Mid-SEC,Sharing,Medium (50g),Spicy,Traditional Trade,20,21.79,-0.77,482,9640,0.22,2161.04
Thailand,Mid-SEC,Sharing,Medium (50g),Local Specialty,7-Eleven,30,34.64,-1.39,536,16080,0.35,5550.14
Thailand,Mid-SEC,Sharing,Medium (50g),Local Specialty,Modern Trade,20,22.42,-1.35,487,9740,0.25,2420.47
Thailand,Mid-SEC,Sharing,Medium (50g),Local Specialty,Traditional Trade,10,12.32,-0.44,503,5030,0.26,1300.95
Thailand,Mid-SEC,Sharing,Medium (50g),Health-Oriented,7-Eleven,10,13.65,-1.3,538,5380,0.31,1676.54
Thailand,Mid-SEC,Sharing,Medium (50g),Health-Oriented,Modern Trade,30,33.78,-0.36,516,15480,0.46,7186.88
Thailand,Mid-SEC,Sharing,Medium (50g),Health-Oriented,Traditional Trade,50,65.96,-1.44,483,24150,0.27,6474.46
Thailand,Mid-SEC,Sharing,Large (100g),Classic Salted,7-Eleven,70,86.11,-0.99,490,34300,0.33,11437.53
Thailand,Mid-SEC,Sharing,Large (100g),Classic Salted,Modern Trade,30,36.53,-0.91,490,14700,0.37,5449.09
Thailand,Mid-SEC,Sharing,Large (100g),Classic Salted,Traditional Trade,100,126.93,-1.09,496,49600,0.31,15325.24
Thailand,Mid-SEC,Sharing,Large (100g),Spicy,7-Eleven,10,12.58,-0.55,546,5460,0.42,2306.79
Thailand,Mid-SEC,Sharing,Large (100g),Spicy,Modern Trade,20,24.86,-1.03,450,9000,0.4,3619.14
Thailand,Mid-SEC,Sharing,Large (100g),Spicy,Traditional Trade,20,24.76,-0.96,517,10340,0.39,4036.98
Thailand,Mid-SEC,Sharing,Large (100g),Local Specialty,7-Eleven,50,62.93,-0.85,479,23950,0.42,10168.75
Thailand,Mid-SEC,Sharing,Large (100g),Local Specialty,Modern Trade,100,112.63,-0.92,495,49500,0.47,23234.63
Thailand,Mid-SEC,Sharing,Large (100g),Local Specialty,Traditional Trade,5,6.93,-1.2,497,2485,0.26,650.56
Thailand,Mid-SEC,Sharing,Large (100g),Health-Oriented,7-Eleven,50,61.12,-1.5,482,24100,0.45,10886.69
Thailand,Mid-SEC,Sharing,Large (100g),Health-Oriented,Modern Trade,5,5.41,-0.63,506,2530,0.43,1090.24
Thailand,Mid-SEC,Sharing,Large (100g),Health-Oriented,Traditional Trade,20,24.34,-0.33,505,10100,0.39,3984.85
Thailand,Mid-SEC,Sharing,Multi-pack,Classic Salted,7-Eleven,70,81.55,-0.52,506,35420,0.34,12114.73
Thailand,Mid-SEC,Sharing,Multi-pack,Classic Salted,Modern Trade,70,78.59,-0.47,489,34230,0.23,7751.05
Thailand,Mid-SEC,Sharing,Multi-pack,Classic Salted,Traditional Trade,70,87.76,-1.28,495,34650,0.41,14275.15
Thailand,Mid-SEC,Sharing,Multi-pack,Spicy,7-Eleven,100,124.28,-0.86,509,50900,0.26,13413.36
Thailand,Mid-SEC,Sharing,Multi-pack,Spicy,Modern Trade,5,5.95,-0.83,527,2635,0.33,871.18
Thailand,Mid-SEC,Sharing,Multi-pack,Spicy,Traditional Trade,20,23.52,-0.36,502,10040,0.22,2167.11
Thailand,Mid-SEC,Sharing,Multi-pack,Local Specialty,7-Eleven,30,34.18,-1.14,502,15060,0.38,5725.43
Thailand,Mid-SEC,Sharing,Multi-pack,Local Specialty,Modern Trade,50,61.82,-1.3,492,24600,0.49,12077.26
Thailand,Mid-SEC,Sharing,Multi-pack,Local Specialty,Traditional Trade,70,86.49,-0.59,506,35420,0.4,14168.2
Thailand,Mid-SEC,Sharing,Multi-pack,Health-Oriented,7-Eleven,10,12.19,-0.75,507,5070,0.36,1818.09
Thailand,Mid-SEC,Sharing,Multi-pack,Health-Oriented,Modern Trade,20,24.49,-1.26,522,10440,0.23,2354.11
Thailand,Mid-SEC,Sharing,Multi-pack,Health-Oriented,Traditional Trade,10,9.92,-0.98,510,5100,0.28,1443.43
Thailand,Mid-SEC,Health-conscious,Small (20g),Classic Salted,7-Eleven,5,5.01,-0.38,539,2695,0.3,804.09
Thailand,Mid-SEC,Health-conscious,Small (20g),Classic Salted,Modern Trade,50,63.76,-0.62,489,24450,0.2,4978.04
Thailand,Mid-SEC,Health-conscious,Small (20g),Classic Salted,Traditional Trade,5,6.82,-0.92,463,2315,0.36,822.76
Thailand,Mid-SEC,Health-conscious,Small (20g),Spicy,7-Eleven,5,6.18,-0.76,482,2410,0.33,792.28
Thailand,Mid-SEC,Health-conscious,Small (20g),Spicy,Modern Trade,50,57.56,-1.27,500,25000,0.22,5464.6
Thailand,Mid-SEC,Health-conscious,Small (20g),Spicy,Traditional Trade,100,126.33,-0.81,469,46900,0.22,10122.11
Thailand,Mid-SEC,Health-conscious,Small (20g),Local Specialty,7-Eleven,70,83.45,-0.49,484,33880,0.21,7181.77
Thailand,Mid-SEC,Health-conscious,Small (20g),Local Specialty,Modern Trade,100,114.21,-0.96,505,50500,0.3,15136.26
Thailand,Mid-SEC,Health-conscious,Small (20g),Local Specialty,Traditional Trade,10,11.32,-1.06,466,4660,0.49,2282.85
Thailand,Mid-SEC,Health-conscious,Small (20g),Health-Oriented,7-Eleven,50,58.41,-0.34,528,26400,0.41,10830.86
Thailand,Mid-SEC,Health-conscious,Small (20g),Health-Oriented,Modern Trade,50,64.31,-0.95,499,24950,0.28,7100.16
Thailand,Mid-SEC,Health-conscious,Small (20g),Health-Oriented,Traditional Trade,50,52.92,-1.12,540,27000,0.35,9333.64
Thailand,Mid-SEC,Health-conscious,Medium (50g),Classic Salted,7-Eleven,5,6.1,-0.84,483,2415,0.46,1100.31
Thailand,Mid-SEC,Health-conscious,Medium (50g),Classic Salted,Modern Trade,30,38.3,-0.83,501,15030,0.2,3078.27
Thailand,Mid-SEC,Health-conscious,Medium (50g),Classic Salted,Traditional Trade,100,118.96,-0.78,461,46100,0.48,22117.4
Thailand,Mid-SEC,Health-conscious,Medium (50g),Spicy,7-Eleven,100,123.93,-0.81,470,47000,0.43,20205.5
Thailand,Mid-SEC,Health-conscious,Medium (50g),Spicy,Modern Trade,30,38.89,-0.72,534,16020,0.24,3834.97
Thailand,Mid-SEC,Health-conscious,Medium (50g),Spicy,Traditional Trade,20,23.53,-1.13,479,9580,0.43,4101.39
Thailand,Mid-SEC,Health-conscious,Medium (50g),Local Specialty,7-Eleven,70,75.68,-1.28,518,36260,0.27,9708.14
Thailand,Mid-SEC,Health-conscious,Medium (50g),Local Specialty,Modern Trade,5,6.53,-0.76,442,2210,0.34,752.65
Thailand,Mid-SEC,Health-conscious,Medium (50g),Local Specialty,Traditional Trade,5,5.81,-1.26,519,2595,0.37,959.18
Thailand,Mid-SEC,Health-conscious,Medium (50g),Health-Oriented,7-Eleven,70,81.86,-1.47,523,36610,0.23,8274.3
Thailand,Mid-SEC,Health-conscious,Medium (50g),Health-Oriented,Modern Trade,5,6.43,-1.03,524,2620,0.48,1259.22
Thailand,Mid-SEC,Health-conscious,Medium (50g),Health-Oriented,Traditional Trade,70,84.56,-0.6,546,38220,0.31,11810.79
Thailand,Mid-SEC,Health-conscious,Large (100g),Classic Salted,7-Eleven,50,59.43,-1.1,513,25650,0.48,12281.76
Thailand,Mid-SEC,Health-conscious,Large (100g),Classic Salted,Modern Trade,5,6.11,-1.25,521,2605,0.22,570.86
Thailand,Mid-SEC,Health-conscious,Large (100g),Classic Salted,Traditional Trade,20,21,-1.13,492,9840,0.33,3250.74
Thailand,Mid-SEC,Health-conscious,Large (100g),Spicy,7-Eleven,100,112.21,-0.46,480,48000,0.43,20489.17
Thailand,Mid-SEC,Health-conscious,Large (100g),Spicy,Modern Trade,30,40.68,-0.97,516,15480,0.22,3367.48
Thailand,Mid-SEC,Health-conscious,Large (100g),Spicy,Traditional Trade,5,5.23,-1.14,498,2490,0.31,763.03
Thailand,Mid-SEC,Health-conscious,Large (100g),Local Specialty,7-Eleven,100,113.92,-0.8,531,53100,0.38,20143.08
Thailand,Mid-SEC,Health-conscious,Large (100g),Local Specialty,Modern Trade,100,118.63,-0.7,495,49500,0.32,15999.36
Thailand,Mid-SEC,Health-conscious,Large (100g),Local Specialty,Traditional Trade,70,82.3,-0.67,511,35770,0.31,11105.69
Thailand,Mid-SEC,Health-conscious,Large (100g),Health-Oriented,7-Eleven,10,12,-0.33,495,4950,0.47,2341.25
Thailand,Mid-SEC,Health-conscious,Large (100g),Health-Oriented,Modern Trade,100,126.19,-0.54,528,52800,0.34,18085.72
Thailand,Mid-SEC,Health-conscious,Large (100g),Health-Oriented,Traditional Trade,50,68.19,-1.04,462,23100,0.34,7950.28
Thailand,Mid-SEC,Health-conscious,Multi-pack,Classic Salted,7-Eleven,10,12.09,-1,530,5300,0.45,2374.08
Thailand,Mid-SEC,Health-conscious,Multi-pack,Classic Salted,Modern Trade,20,22.51,-0.83,501,10020,0.34,3415.04
Thailand,Mid-SEC,Health-conscious,Multi-pack,Classic Salted,Traditional Trade,20,23.13,-1.27,471,9420,0.43,4088.42
Thailand,Mid-SEC,Health-conscious,Multi-pack,Spicy,7-Eleven,20,25.59,-0.93,481,9620,0.3,2884.26
Thailand,Mid-SEC,Health-conscious,Multi-pack,Spicy,Modern Trade,70,82.77,-0.31,499,34930,0.47,16324.26
Thailand,Mid-SEC,Health-conscious,Multi-pack,Spicy,Traditional Trade,100,124.92,-0.95,450,45000,0.42,18726.17
Thailand,Mid-SEC,Health-conscious,Multi-pack,Local Specialty,7-Eleven,50,55.77,-1.45,471,23550,0.38,8990.66
Thailand,Mid-SEC,Health-conscious,Multi-pack,Local Specialty,Modern Trade,70,79.91,-0.99,533,37310,0.36,13456.33
Thailand,Mid-SEC,Health-conscious,Multi-pack,Local Specialty,Traditional Trade,70,67.29,-0.44,533,37310,0.38,14346.48
Thailand,Mid-SEC,Health-conscious,Multi-pack,Health-Oriented,7-Eleven,30,34.51,-0.39,497,14910,0.49,7271.03
Thailand,Mid-SEC,Health-conscious,Multi-pack,Health-Oriented,Modern Trade,70,85.71,-1.16,485,33950,0.5,16962.71
Thailand,Mid-SEC,Health-conscious,Multi-pack,Health-Oriented,Traditional Trade,10,10.91,-1.43,505,5050,0.25,1244.1
Thailand,High-SEC,Impulse,Small (20g),Classic Salted,7-Eleven,10,12.49,-1.19,488,4880,0.29,1419.91
Thailand,High-SEC,Impulse,Small (20g),Classic Salted,Modern Trade,50,45.73,-0.34,548,27400,0.37,10172.42
Thailand,High-SEC,Impulse,Small (20g),Classic Salted,Traditional Trade,30,36.14,-1.48,483,14490,0.41,5910.08
Thailand,High-SEC,Impulse,Small (20g),Spicy,7-Eleven,70,87.91,-0.62,502,35140,0.32,11304.31
Thailand,High-SEC,Impulse,Small (20g),Spicy,Modern Trade,20,23.99,-0.78,481,9620,0.41,3929.68
Thailand,High-SEC,Impulse,Small (20g),Spicy,Traditional Trade,5,6.59,-0.88,492,2460,0.25,617.8
Thailand,High-SEC,Impulse,Small (20g),Local Specialty,7-Eleven,20,20.87,-0.98,520,10400,0.44,4557.33
Thailand,High-SEC,Impulse,Small (20g),Local Specialty,Modern Trade,5,5.41,-0.81,490,2450,0.27,665.14
Thailand,High-SEC,Impulse,Small (20g),Local Specialty,Traditional Trade,20,24.05,-1.19,501,10020,0.49,4910.71
Thailand,High-SEC,Impulse,Small (20g),Health-Oriented,7-Eleven,30,31.37,-0.81,528,15840,0.37,5872.87
Thailand,High-SEC,Impulse,Small (20g),Health-Oriented,Modern Trade,100,122.34,-0.64,492,49200,0.34,16598.61
Thailand,High-SEC,Impulse,Small (20g),Health-Oriented,Traditional Trade,20,26.07,-1.03,529,10580,0.49,5184.41
Thailand,High-SEC,Impulse,Medium (50g),Classic Salted,7-Eleven,20,25.52,-0.34,496,9920,0.36,3549.66
Thailand,High-SEC,Impulse,Medium (50g),Classic Salted,Modern Trade,100,117.08,-0.67,485,48500,0.22,10451.61
Thailand,High-SEC,Impulse,Medium (50g),Classic Salted,Traditional Trade,10,11.87,-1.08,488,4880,0.3,1445.55
Thailand,High-SEC,Impulse,Medium (50g),Spicy,7-Eleven,5,5.74,-1.27,494,2470,0.37,921.22
Thailand,High-SEC,Impulse,Medium (50g),Spicy,Modern Trade,5,6.58,-0.77,464,2320,0.22,508.61
Thailand,High-SEC,Impulse,Medium (50g),Spicy,Traditional Trade,50,64.87,-0.78,516,25800,0.45,11674.15
Thailand,High-SEC,Impulse,Medium (50g),Local Specialty,7-Eleven,100,105.16,-1.34,553,55300,0.26,14362.96
Thailand,High-SEC,Impulse,Medium (50g),Local Specialty,Modern Trade,5,5.9,-1.08,508,2540,0.24,603.74
Thailand,High-SEC,Impulse,Medium (50g),Local Specialty,Traditional Trade,5,5.51,-1.24,494,2470,0.27,655.13
Thailand,High-SEC,Impulse,Medium (50g),Health-Oriented,7-Eleven,10,11.21,-1.06,493,4930,0.49,2397.95
Thailand,High-SEC,Impulse,Medium (50g),Health-Oriented,Modern Trade,100,113.7,-1.42,488,48800,0.35,17166.75
Thailand,High-SEC,Impulse,Medium (50g),Health-Oriented,Traditional Trade,20,25.46,-0.57,527,10540,0.31,3245.29
Thailand,High-SEC,Impulse,Large (100g),Classic Salted,7-Eleven,20,21.75,-1.43,513,10260,0.32,3311.46
Thailand,High-SEC,Impulse,Large (100g),Classic Salted,Modern Trade,100,131.28,-1.1,513,51300,0.29,14940.02
Thailand,High-SEC,Impulse,Large (100g),Classic Salted,Traditional Trade,70,79.83,-0.96,515,36050,0.5,17888.39
Thailand,High-SEC,Impulse,Large (100g),Spicy,7-Eleven,5,6.45,-1.23,511,2555,0.47,1212.42
Thailand,High-SEC,Impulse,Large (100g),Spicy,Modern Trade,20,24.95,-0.82,485,9700,0.3,2911.29
Thailand,High-SEC,Impulse,Large (100g),Spicy,Traditional Trade,10,11.35,-0.8,532,5320,0.39,2072.23
Thailand,High-SEC,Impulse,Large (100g),Local Specialty,7-Eleven,20,22.69,-1.22,499,9980,0.25,2540.2
Thailand,High-SEC,Impulse,Large (100g),Local Specialty,Modern Trade,50,60.14,-0.9,488,24400,0.34,8276.37
Thailand,High-SEC,Impulse,Large (100g),Local Specialty,Traditional Trade,20,24.81,-1.37,519,10380,0.43,4466.82
Thailand,High-SEC,Impulse,Large (100g),Health-Oriented,7-Eleven,10,12.72,-1.36,509,5090,0.37,1899.62
Thailand,High-SEC,Impulse,Large (100g),Health-Oriented,Modern Trade,70,79.82,-0.87,462,32340,0.29,9307.34
Thailand,High-SEC,Impulse,Large (100g),Health-Oriented,Traditional Trade,30,42.29,-0.85,471,14130,0.44,6196.05
Thailand,High-SEC,Impulse,Multi-pack,Classic Salted,7-Eleven,100,96.28,-1.37,510,51000,0.45,22871.24
Thailand,High-SEC,Impulse,Multi-pack,Classic Salted,Modern Trade,20,28.08,-0.75,460,9200,0.21,1976.09
Thailand,High-SEC,Impulse,Multi-pack,Classic Salted,Traditional Trade,70,79.75,-1.19,493,34510,0.38,13221.22
Thailand,High-SEC,Impulse,Multi-pack,Spicy,7-Eleven,20,23.19,-0.5,514,10280,0.42,4325.58
Thailand,High-SEC,Impulse,Multi-pack,Spicy,Modern Trade,100,128.4,-1.09,485,48500,0.21,10058.58
Thailand,High-SEC,Impulse,Multi-pack,Spicy,Traditional Trade,5,5.32,-0.66,515,2575,0.49,1267.75
Thailand,High-SEC,Impulse,Multi-pack,Local Specialty,7-Eleven,70,87.41,-0.72,471,32970,0.49,16311.74
Thailand,High-SEC,Impulse,Multi-pack,Local Specialty,Modern Trade,70,91.5,-0.41,496,34720,0.31,10717.65
Thailand,High-SEC,Impulse,Multi-pack,Local Specialty,Traditional Trade,5,6.27,-0.95,452,2260,0.34,770
Thailand,High-SEC,Impulse,Multi-pack,Health-Oriented,7-Eleven,5,6.44,-0.39,509,2545,0.36,910.08
Thailand,High-SEC,Impulse,Multi-pack,Health-Oriented,Modern Trade,10,11.65,-1.07,512,5120,0.41,2122.74
Thailand,High-SEC,Impulse,Multi-pack,Health-Oriented,Traditional Trade,20,19.56,-1.18,488,9760,0.4,3871.33
Thailand,High-SEC,Top-up,Small (20g),Classic Salted,7-Eleven,20,24.2,-0.46,532,10640,0.34,3594.1
Thailand,High-SEC,Top-up,Small (20g),Classic Salted,Modern Trade,5,5.76,-1.41,511,2555,0.27,698.53
Thailand,High-SEC,Top-up,Small (20g),Classic Salted,Traditional Trade,10,13.17,-0.45,482,4820,0.26,1242.35
Thailand,High-SEC,Top-up,Small (20g),Spicy,7-Eleven,50,58.64,-1.38,536,26800,0.43,11470.68
Thailand,High-SEC,Top-up,Small (20g),Spicy,Modern Trade,100,100.63,-0.84,464,46400,0.37,17387.5
Thailand,High-SEC,Top-up,Small (20g),Spicy,Traditional Trade,70,78.67,-1.28,477,33390,0.22,7248.99
Thailand,High-SEC,Top-up,Small (20g),Local Specialty,7-Eleven,100,131.5,-1.48,449,44900,0.45,20018.61
Thailand,High-SEC,Top-up,Small (20g),Local Specialty,Modern Trade,70,86.08,-1.11,490,34300,0.28,9681.65
Thailand,High-SEC,Top-up,Small (20g),Local Specialty,Traditional Trade,10,13.19,-0.61,511,5110,0.31,1562.35
Thailand,High-SEC,Top-up,Small (20g),Health-Oriented,7-Eleven,10,13.85,-1.35,471,4710,0.46,2155.2
Thailand,High-SEC,Top-up,Small (20g),Health-Oriented,Modern Trade,20,24.21,-1.28,467,9340,0.37,3489.68
Thailand,High-SEC,Top-up,Small (20g),Health-Oriented,Traditional Trade,50,61.94,-0.76,520,26000,0.45,11708.77
Thailand,High-SEC,Top-up,Medium (50g),Classic Salted,7-Eleven,30,34.62,-0.73,488,14640,0.21,3074.8
Thailand,High-SEC,Top-up,Medium (50g),Classic Salted,Modern Trade,50,63.78,-0.8,475,23750,0.25,6003.22
Thailand,High-SEC,Top-up,Medium (50g),Classic Salted,Traditional Trade,50,59.83,-0.4,480,24000,0.43,10264.63
Thailand,High-SEC,Top-up,Medium (50g),Spicy,7-Eleven,100,104.05,-0.9,536,53600,0.39,21106.52
Thailand,High-SEC,Top-up,Medium (50g),Spicy,Modern Trade,10,11.41,-0.68,506,5060,0.29,1481.76
Thailand,High-SEC,Top-up,Medium (50g),Spicy,Traditional Trade,70,80.79,-0.96,494,34580,0.29,9947.79
Thailand,High-SEC,Top-up,Medium (50g),Local Specialty,7-Eleven,10,11.04,-0.82,483,4830,0.28,1350.98
Thailand,High-SEC,Top-up,Medium (50g),Local Specialty,Modern Trade,50,53.24,-0.43,467,23350,0.47,11023.43
Thailand,High-SEC,Top-up,Medium (50g),Local Specialty,Traditional Trade,70,88.6,-0.69,487,34090,0.29,9924.3
Thailand,High-SEC,Top-up,Medium (50g),Health-Oriented,7-Eleven,20,23.86,-1.39,473,9460,0.33,3092.31
Thailand,High-SEC,Top-up,Medium (50g),Health-Oriented,Modern Trade,70,81.08,-1.34,509,35630,0.23,8169.35
Thailand,High-SEC,Top-up,Medium (50g),Health-Oriented,Traditional Trade,100,123.44,-1.3,540,54000,0.31,16535.85
Thailand,High-SEC,Top-up,Large (100g),Classic Salted,7-Eleven,5,6.25,-0.69,512,2560,0.28,716.37
Thailand,High-SEC,Top-up,Large (100g),Classic Salted,Modern Trade,20,28.15,-1.45,497,9940,0.37,3686.24
Thailand,High-SEC,Top-up,Large (100g),Classic Salted,Traditional Trade,50,62.5,-0.69,512,25600,0.44,11252.91
Thailand,High-SEC,Top-up,Large (100g),Spicy,7-Eleven,10,11.12,-1.37,492,4920,0.33,1618.89
Thailand,High-SEC,Top-up,Large (100g),Spicy,Modern Trade,10,10.18,-0.59,476,4760,0.42,2005.05
Thailand,High-SEC,Top-up,Large (100g),Spicy,Traditional Trade,30,34.21,-1.2,457,13710,0.47,6493.91
Thailand,High-SEC,Top-up,Large (100g),Local Specialty,7-Eleven,100,133.93,-1.19,515,51500,0.31,16098.71
Thailand,High-SEC,Top-up,Large (100g),Local Specialty,Modern Trade,20,25.68,-0.75,473,9460,0.27,2559.02
Thailand,High-SEC,Top-up,Large (100g),Local Specialty,Traditional Trade,50,54.65,-0.78,467,23350,0.47,11041.5
Thailand,High-SEC,Top-up,Large (100g),Health-Oriented,7-Eleven,30,41.16,-1.18,480,14400,0.4,5743.55
Thailand,High-SEC,Top-up,Large (100g),Health-Oriented,Modern Trade,100,134.52,-1.34,475,47500,0.23,10927.21
Thailand,High-SEC,Top-up,Large (100g),Health-Oriented,Traditional Trade,30,36.04,-1.17,523,15690,0.23,3554.08
Thailand,High-SEC,Top-up,Multi-pack,Classic Salted,7-Eleven,70,75.76,-1.3,485,33950,0.22,7366.73
Thailand,High-SEC,Top-up,Multi-pack,Classic Salted,Modern Trade,100,138.21,-1.36,505,50500,0.35,17625.66
Thailand,High-SEC,Top-up,Multi-pack,Classic Salted,Traditional Trade,20,23.62,-0.65,516,10320,0.31,3182.32
Thailand,High-SEC,Top-up,Multi-pack,Spicy,7-Eleven,30,39.58,-0.74,459,13770,0.36,4963.26
Thailand,High-SEC,Top-up,Multi-pack,Spicy,Modern Trade,100,119.92,-0.52,496,49600,0.38,18779.77
Thailand,High-SEC,Top-up,Multi-pack,Spicy,Traditional Trade,70,85.11,-0.44,494,34580,0.39,13451.81
Thailand,High-SEC,Top-up,Multi-pack,Local Specialty,7-Eleven,70,76.36,-1.39,482,33740,0.42,14198.15
Thailand,High-SEC,Top-up,Multi-pack,Local Specialty,Modern Trade,5,5.87,-1.12,500,2500,0.49,1219.81
Thailand,High-SEC,Top-up,Multi-pack,Local Specialty,Traditional Trade,10,13.44,-1.33,505,5050,0.36,1794.79
Thailand,High-SEC,Top-up,Multi-pack,Health-Oriented,7-Eleven,100,114.88,-1.49,495,49500,0.33,16474
Thailand,High-SEC,Top-up,Multi-pack,Health-Oriented,Modern Trade,100,111.13,-0.52,506,50600,0.27,13713.42
Thailand,High-SEC,Top-up,Multi-pack,Health-Oriented,Traditional Trade,70,89.4,-0.75,524,36680,0.28,10178.34
Thailand,High-SEC,Sharing,Small (20g),Classic Salted,7-Eleven,30,37.16,-0.96,499,14970,0.39,5808.97
Thailand,High-SEC,Sharing,Small (20g),Classic Salted,Modern Trade,70,89.86,-1.07,499,34930,0.48,16592.69
Thailand,High-SEC,Sharing,Small (20g),Classic Salted,Traditional Trade,100,117.74,-0.64,505,50500,0.26,13013.58
Thailand,High-SEC,Sharing,Small (20g),Spicy,7-Eleven,70,93.72,-0.94,482,33740,0.3,10142.99
Thailand,High-SEC,Sharing,Small (20g),Spicy,Modern Trade,10,12.05,-0.74,503,5030,0.31,1573.11
Thailand,High-SEC,Sharing,Small (20g),Spicy,Traditional Trade,30,37.87,-1.38,508,15240,0.43,6604.95
Thailand,High-SEC,Sharing,Small (20g),Local Specialty,7-Eleven,100,114.34,-1.01,540,54000,0.33,17586.56
Thailand,High-SEC,Sharing,Small (20g),Local Specialty,Modern Trade,100,115.29,-0.88,463,46300,0.4,18516.4
Thailand,High-SEC,Sharing,Small (20g),Local Specialty,Traditional Trade,10,12.65,-1.37,564,5640,0.39,2224.47
Thailand,High-SEC,Sharing,Small (20g),Health-Oriented,7-Eleven,20,20.74,-1.21,515,10300,0.4,4140.87
Thailand,High-SEC,Sharing,Small (20g),Health-Oriented,Modern Trade,5,6.43,-1.41,489,2445,0.5,1213.71
Thailand,High-SEC,Sharing,Small (20g),Health-Oriented,Traditional Trade,100,122.51,-1.03,516,51600,0.26,13603.02
Thailand,High-SEC,Sharing,Medium (50g),Classic Salted,7-Eleven,20,22.41,-1.01,482,9640,0.46,4471.2
Thailand,High-SEC,Sharing,Medium (50g),Classic Salted,Modern Trade,10,11.05,-0.34,490,4900,0.2,990.42
Thailand,High-SEC,Sharing,Medium (50g),Classic Salted,Traditional Trade,100,129.51,-1.32,475,47500,0.38,18282.14
Thailand,High-SEC,Sharing,Medium (50g),Spicy,7-Eleven,30,37.58,-1.45,508,15240,0.31,4733.81
Thailand,High-SEC,Sharing,Medium (50g),Spicy,Modern Trade,30,38,-1.02,549,16470,0.43,7107.64
Thailand,High-SEC,Sharing,Medium (50g),Spicy,Traditional Trade,5,6.29,-0.92,533,2665,0.23,602.89
Thailand,High-SEC,Sharing,Medium (50g),Local Specialty,7-Eleven,70,79.74,-0.53,526,36820,0.49,17882.66
Thailand,High-SEC,Sharing,Medium (50g),Local Specialty,Modern Trade,70,88.15,-1.44,473,33110,0.37,12341.35
Thailand,High-SEC,Sharing,Medium (50g),Local Specialty,Traditional Trade,100,127.23,-0.7,523,52300,0.36,18964.22
Thailand,High-SEC,Sharing,Medium (50g),Health-Oriented,7-Eleven,100,121.12,-0.95,500,50000,0.41,20266.53
Thailand,High-SEC,Sharing,Medium (50g),Health-Oriented,Modern Trade,100,135.93,-0.92,473,47300,0.25,11906.16
Thailand,High-SEC,Sharing,Medium (50g),Health-Oriented,Traditional Trade,70,84.14,-0.45,507,35490,0.49,17344.01
Thailand,High-SEC,Sharing,Large (100g),Classic Salted,7-Eleven,70,78.46,-0.75,483,33810,0.45,15057.17
Thailand,High-SEC,Sharing,Large (100g),Classic Salted,Modern Trade,100,120.34,-0.33,500,50000,0.43,21302.13
Thailand,High-SEC,Sharing,Large (100g),Classic Salted,Traditional Trade,10,12.14,-0.84,464,4640,0.46,2115.77
Thailand,High-SEC,Sharing,Large (100g),Spicy,7-Eleven,20,21.83,-0.47,466,9320,0.28,2598.5
Thailand,High-SEC,Sharing,Large (100g),Spicy,Modern Trade,70,80.26,-0.75,491,34370,0.27,9283.58
Thailand,High-SEC,Sharing,Large (100g),Spicy,Traditional Trade,70,86.06,-0.73,482,33740,0.46,15591.37
Thailand,High-SEC,Sharing,Large (100g),Local Specialty,7-Eleven,30,33.02,-0.99,475,14250,0.43,6094.16
Thailand,High-SEC,Sharing,Large (100g),Local Specialty,Modern Trade,5,6.12,-1.37,500,2500,0.48,1202.12
Thailand,High-SEC,Sharing,Large (100g),Local Specialty,Traditional Trade,5,6.32,-0.86,493,2465,0.35,857.56
Thailand,High-SEC,Sharing,Large (100g),Health-Oriented,7-Eleven,50,60.1,-0.93,499,24950,0.45,11217.08
Thailand,High-SEC,Sharing,Large (100g),Health-Oriented,Modern Trade,30,30.93,-0.91,505,15150,0.44,6638.53
Thailand,High-SEC,Sharing,Large (100g),Health-Oriented,Traditional Trade,70,77.15,-0.92,489,34230,0.27,9298.7
Thailand,High-SEC,Sharing,Multi-pack,Classic Salted,7-Eleven,5,5.94,-1.3,497,2485,0.21,523.21
Thailand,High-SEC,Sharing,Multi-pack,Classic Salted,Modern Trade,70,85.85,-1.11,503,35210,0.31,10808.33
Thailand,High-SEC,Sharing,Multi-pack,Classic Salted,Traditional Trade,20,25.01,-1.05,483,9660,0.34,3258.6
Thailand,High-SEC,Sharing,Multi-pack,Spicy,7-Eleven,70,83.6,-0.59,479,33530,0.21,6918.75
Thailand,High-SEC,Sharing,Multi-pack,Spicy,Modern Trade,20,26.85,-1.09,504,10080,0.42,4259.79
Thailand,High-SEC,Sharing,Multi-pack,Spicy,Traditional Trade,50,57.9,-1.44,527,26350,0.46,12182.12
Thailand,High-SEC,Sharing,Multi-pack,Local Specialty,7-Eleven,10,13.32,-1.12,535,5350,0.25,1356.52
Thailand,High-SEC,Sharing,Multi-pack,Local Specialty,Modern Trade,20,22.25,-0.91,462,9240,0.48,4464.12
Thailand,High-SEC,Sharing,Multi-pack,Local Specialty,Traditional Trade,20,23.87,-0.39,503,10060,0.41,4131.84
Thailand,High-SEC,Sharing,Multi-pack,Health-Oriented,7-Eleven,100,122.41,-0.71,511,51100,0.23,11962.19
Thailand,High-SEC,Sharing,Multi-pack,Health-Oriented,Modern Trade,20,25.18,-0.89,487,9740,0.29,2779.82
Thailand,High-SEC,Sharing,Multi-pack,Health-Oriented,Traditional Trade,70,88.34,-1.05,518,36260,0.22,8094.87
Thailand,High-SEC,Health-conscious,Small (20g),Classic Salted,7-Eleven,5,6.34,-0.74,521,2605,0.31,803.64
Thailand,High-SEC,Health-conscious,Small (20g),Classic Salted,Modern Trade,50,59.29,-1.37,530,26500,0.25,6636.54
Thailand,High-SEC,Health-conscious,Small (20g),Classic Salted,Traditional Trade,50,46.88,-0.75,548,27400,0.36,9920.59
Thailand,High-SEC,Health-conscious,Small (20g),Spicy,7-Eleven,50,72.75,-1.44,456,22800,0.21,4782.1
Thailand,High-SEC,Health-conscious,Small (20g),Spicy,Modern Trade,10,12.87,-1.34,525,5250,0.29,1524.35
Thailand,High-SEC,Health-conscious,Small (20g),Spicy,Traditional Trade,20,25.9,-1.2,492,9840,0.35,3411.38
Thailand,High-SEC,Health-conscious,Small (20g),Local Specialty,7-Eleven,5,6.1,-1.43,472,2360,0.39,915.1
Thailand,High-SEC,Health-conscious,Small (20g),Local Specialty,Modern Trade,5,5.98,-1.43,525,2625,0.36,940.02
Thailand,High-SEC,Health-conscious,Small (20g),Local Specialty,Traditional Trade,70,75.29,-1.26,488,34160,0.26,8985.29
Thailand,High-SEC,Health-conscious,Small (20g),Health-Oriented,7-Eleven,10,12.23,-1.36,570,5700,0.44,2512.61
Thailand,High-SEC,Health-conscious,Small (20g),Health-Oriented,Modern Trade,50,56.59,-1.34,473,23650,0.39,9290.71
Thailand,High-SEC,Health-conscious,Small (20g),Health-Oriented,Traditional Trade,20,25.94,-0.56,544,10880,0.25,2684.7
Thailand,High-SEC,Health-conscious,Medium (50g),Classic Salted,7-Eleven,20,25.26,-1.25,459,9180,0.32,2944.56
Thailand,High-SEC,Health-conscious,Medium (50g),Classic Salted,Modern Trade,5,5.76,-0.4,510,2550,0.48,1235.11
Thailand,High-SEC,Health-conscious,Medium (50g),Classic Salted,Traditional Trade,20,22.36,-1.02,450,9000,0.24,2132.96
Thailand,High-SEC,Health-conscious,Medium (50g),Spicy,7-Eleven,30,32.34,-1.02,490,14700,0.44,6481.98
Thailand,High-SEC,Health-conscious,Medium (50g),Spicy,Modern Trade,5,5.8,-1.05,474,2370,0.41,976.84
Thailand,High-SEC,Health-conscious,Medium (50g),Spicy,Traditional Trade,50,54.91,-1.27,491,24550,0.39,9536.74
Thailand,High-SEC,Health-conscious,Medium (50g),Local Specialty,7-Eleven,100,114.82,-0.81,536,53600,0.25,13525.94
Thailand,High-SEC,Health-conscious,Medium (50g),Local Specialty,Modern Trade,5,6.66,-1.05,526,2630,0.4,1039.42
Thailand,High-SEC,Health-conscious,Medium (50g),Local Specialty,Traditional Trade,30,40.99,-0.59,507,15210,0.44,6680.63
Thailand,High-SEC,Health-conscious,Medium (50g),Health-Oriented,7-Eleven,5,6.15,-0.64,463,2315,0.25,583.83
Thailand,High-SEC,Health-conscious,Medium (50g),Health-Oriented,Modern Trade,30,39.29,-0.76,511,15330,0.26,4056.91
Thailand,High-SEC,Health-conscious,Medium (50g),Health-Oriented,Traditional Trade,20,19.62,-1.36,527,10540,0.49,5190.19
Thailand,High-SEC,Health-conscious,Large (100g),Classic Salted,7-Eleven,100,120.03,-0.32,465,46500,0.39,18203.23
Thailand,High-SEC,Health-conscious,Large (100g),Classic Salted,Modern Trade,30,39.69,-1.08,541,16230,0.36,5921.09
Thailand,High-SEC,Health-conscious,Large (100g),Classic Salted,Traditional Trade,10,13.75,-1.19,491,4910,0.26,1269.15
Thailand,High-SEC,Health-conscious,Large (100g),Spicy,7-Eleven,20,26.08,-0.51,504,10080,0.41,4173.95
Thailand,High-SEC,Health-conscious,Large (100g),Spicy,Modern Trade,20,24.65,-0.46,496,9920,0.34,3329.79
Thailand,High-SEC,Health-conscious,Large (100g),Spicy,Traditional Trade,10,10.61,-1.33,493,4930,0.3,1458.87
Thailand,High-SEC,Health-conscious,Large (100g),Local Specialty,7-Eleven,30,34.03,-0.63,487,14610,0.33,4862.16
Thailand,High-SEC,Health-conscious,Large (100g),Local Specialty,Modern Trade,50,58.82,-0.92,519,25950,0.33,8639.75
Thailand,High-SEC,Health-conscious,Large (100g),Local Specialty,Traditional Trade,100,105.28,-0.87,522,52200,0.36,18649.83
Thailand,High-SEC,Health-conscious,Large (100g),Health-Oriented,7-Eleven,100,106.26,-0.7,484,48400,0.48,23233.16
Thailand,High-SEC,Health-conscious,Large (100g),Health-Oriented,Modern Trade,70,87.95,-0.72,501,35070,0.31,10795.5
Thailand,High-SEC,Health-conscious,Large (100g),Health-Oriented,Traditional Trade,50,68.18,-1.4,494,24700,0.22,5330.58
Thailand,High-SEC,Health-conscious,Multi-pack,Classic Salted,7-Eleven,5,6.36,-1.21,517,2585,0.26,664.29
Thailand,High-SEC,Health-conscious,Multi-pack,Classic Salted,Modern Trade,20,30.23,-0.95,486,9720,0.39,3825.51
Thailand,High-SEC,Health-conscious,Multi-pack,Classic Salted,Traditional Trade,5,6.52,-1,459,2295,0.49,1133.73
Thailand,High-SEC,Health-conscious,Multi-pack,Spicy,7-Eleven,100,124.88,-0.78,514,51400,0.36,18270.73
Thailand,High-SEC,Health-conscious,Multi-pack,Spicy,Modern Trade,70,84.54,-0.4,497,34790,0.4,13988.47
Thailand,High-SEC,Health-conscious,Multi-pack,Spicy,Traditional Trade,30,34.46,-1.42,498,14940,0.34,5093.66
Thailand,High-SEC,Health-conscious,Multi-pack,Local Specialty,7-Eleven,30,42.83,-1.07,475,14250,0.45,6399.12
Thailand,High-SEC,Health-conscious,Multi-pack,Local Specialty,Modern Trade,10,10.77,-0.7,489,4890,0.47,2316.21
Thailand,High-SEC,Health-conscious,Multi-pack,Local Specialty,Traditional Trade,20,25.46,-0.34,532,10640,0.36,3819.93
Thailand,High-SEC,Health-conscious,Multi-pack,Health-Oriented,7-Eleven,50,62.69,-1.47,483,24150,0.39,9383.51
Thailand,High-SEC,Health-conscious,Multi-pack,Health-Oriented,Modern Trade,70,95.37,-1.16,504,35280,0.32,11434.24
Thailand,High-SEC,Health-conscious,Multi-pack,Health-Oriented,Traditional Trade,20,24.77,-0.6,485,9700,0.3,2898.93
Japan,Low-SEC,Impulse,Small (20g),Classic Salted,7-Eleven,100,131.22,-0.68,531,53100,0.46,24532.64
Japan,Low-SEC,Impulse,Small (20g),Classic Salted,Modern Trade,5,5.91,-1.43,532,2660,0.29,783.04
Japan,Low-SEC,Impulse,Small (20g),Classic Salted,Traditional Trade,100,127.09,-1.44,490,49000,0.32,15622
Japan,Low-SEC,Impulse,Small (20g),Spicy,7-Eleven,70,84.14,-1.26,495,34650,0.47,16445.75
Japan,Low-SEC,Impulse,Small (20g),Spicy,Modern Trade,100,120.31,-0.31,498,49800,0.28,13878.38
Japan,Low-SEC,Impulse,Small (20g),Spicy,Traditional Trade,50,68.04,-0.98,518,25900,0.38,9770.55
Japan,Low-SEC,Impulse,Small (20g),Local Specialty,7-Eleven,5,6.1,-0.44,501,2505,0.37,923.45
Japan,Low-SEC,Impulse,Small (20g),Local Specialty,Modern Trade,50,60.5,-0.84,469,23450,0.36,8415.27
Japan,Low-SEC,Impulse,Small (20g),Local Specialty,Traditional Trade,30,38.87,-0.34,499,14970,0.37,5471.63
Japan,Low-SEC,Impulse,Small (20g),Health-Oriented,7-Eleven,30,42.97,-0.49,488,14640,0.26,3767.94
Japan,Low-SEC,Impulse,Small (20g),Health-Oriented,Modern Trade,70,74.26,-1.45,490,34300,0.41,13919.88
Japan,Low-SEC,Impulse,Small (20g),Health-Oriented,Traditional Trade,20,27.41,-0.36,484,9680,0.22,2096.76
Japan,Low-SEC,Impulse,Medium (50g),Classic Salted,7-Eleven,50,56.17,-0.38,518,25900,0.45,11581.67
Japan,Low-SEC,Impulse,Medium (50g),Classic Salted,Modern Trade,30,36.2,-0.72,540,16200,0.24,3808.93
Japan,Low-SEC,Impulse,Medium (50g),Classic Salted,Traditional Trade,70,76.48,-0.79,499,34930,0.2,7091.28
Japan,Low-SEC,Impulse,Medium (50g),Spicy,7-Eleven,20,24.16,-1.27,499,9980,0.32,3144.53
Japan,Low-SEC,Impulse,Medium (50g),Spicy,Modern Trade,30,41.02,-0.78,487,14610,0.27,3876.18
Japan,Low-SEC,Impulse,Medium (50g),Spicy,Traditional Trade,20,22.82,-0.34,471,9420,0.21,1957.02
Japan,Low-SEC,Impulse,Medium (50g),Local Specialty,7-Eleven,10,12.69,-1.26,461,4610,0.2,935.79
Japan,Low-SEC,Impulse,Medium (50g),Local Specialty,Modern Trade,30,33.95,-1.4,522,15660,0.47,7431.32
Japan,Low-SEC,Impulse,Medium (50g),Local Specialty,Traditional Trade,50,62.18,-1.44,520,26000,0.44,11432.84
Japan,Low-SEC,Impulse,Medium (50g),Health-Oriented,7-Eleven,10,12.84,-0.89,481,4810,0.42,2011.3
Japan,Low-SEC,Impulse,Medium (50g),Health-Oriented,Modern Trade,100,113.08,-0.55,477,47700,0.5,23829.41
Japan,Low-SEC,Impulse,Medium (50g),Health-Oriented,Traditional Trade,10,11.34,-1.47,525,5250,0.45,2375.54
Japan,Low-SEC,Impulse,Large (100g),Classic Salted,7-Eleven,50,64.54,-0.39,483,24150,0.47,11265.53
Japan,Low-SEC,Impulse,Large (100g),Classic Salted,Modern Trade,50,60.62,-0.95,507,25350,0.44,11191.77
Japan,Low-SEC,Impulse,Large (100g),Classic Salted,Traditional Trade,70,77.91,-0.83,500,35000,0.33,11641.7
Japan,Low-SEC,Impulse,Large (100g),Spicy,7-Eleven,20,23.98,-1.1,501,10020,0.2,2029.54
Japan,Low-SEC,Impulse,Large (100g),Spicy,Modern Trade,70,89.56,-1.06,554,38780,0.3,11519.89
Japan,Low-SEC,Impulse,Large (100g),Spicy,Traditional Trade,30,38.92,-1.28,505,15150,0.31,4648.9
Japan,Low-SEC,Impulse,Large (100g),Local Specialty,7-Eleven,20,25.1,-1.04,495,9900,0.2,1997.42
Japan,Low-SEC,Impulse,Large (100g),Local Specialty,Modern Trade,20,27.6,-1.41,531,10620,0.41,4375.88
Japan,Low-SEC,Impulse,Large (100g),Local Specialty,Traditional Trade,50,59,-1.06,504,25200,0.48,12160.81
Japan,Low-SEC,Impulse,Large (100g),Health-Oriented,7-Eleven,50,61.84,-0.61,463,23150,0.32,7479.56
Japan,Low-SEC,Impulse,Large (100g),Health-Oriented,Modern Trade,5,5.68,-1.27,520,2600,0.29,755.3
Japan,Low-SEC,Impulse,Large (100g),Health-Oriented,Traditional Trade,70,83.71,-1.04,527,36890,0.28,10391.71
Japan,Low-SEC,Impulse,Multi-pack,Classic Salted,7-Eleven,20,23.34,-0.4,505,10100,0.38,3827.07
Japan,Low-SEC,Impulse,Multi-pack,Classic Salted,Modern Trade,70,80.43,-1.06,522,36540,0.24,8587.79
Japan,Low-SEC,Impulse,Multi-pack,Classic Salted,Traditional Trade,20,24.21,-0.38,487,9740,0.43,4180.69
Japan,Low-SEC,Impulse,Multi-pack,Spicy,7-Eleven,70,76.45,-1.2,438,30660,0.42,12832.69
Japan,Low-SEC,Impulse,Multi-pack,Spicy,Modern Trade,5,5.74,-0.9,515,2575,0.32,828.92
Japan,Low-SEC,Impulse,Multi-pack,Spicy,Traditional Trade,30,32.4,-0.92,503,15090,0.25,3795.19
Japan,Low-SEC,Impulse,Multi-pack,Local Specialty,7-Eleven,20,25.2,-0.83,513,10260,0.24,2477.99
Japan,Low-SEC,Impulse,Multi-pack,Local Specialty,Modern Trade,20,25.92,-0.7,501,10020,0.3,3020.02
Japan,Low-SEC,Impulse,Multi-pack,Local Specialty,Traditional Trade,100,121.8,-1.4,497,49700,0.44,21780.55
Japan,Low-SEC,Impulse,Multi-pack,Health-Oriented,7-Eleven,50,64.19,-0.91,533,26650,0.32,8612.74
Japan,Low-SEC,Impulse,Multi-pack,Health-Oriented,Modern Trade,70,89.74,-1.39,528,36960,0.25,9369.34
Japan,Low-SEC,Impulse,Multi-pack,Health-Oriented,Traditional Trade,70,86.97,-1.21,495,34650,0.3,10262.3
Japan,Low-SEC,Top-up,Small (20g),Classic Salted,7-Eleven,30,34.76,-0.81,496,14880,0.42,6308.16
Japan,Low-SEC,Top-up,Small (20g),Classic Salted,Modern Trade,20,22.52,-0.43,518,10360,0.42,4385.73
Japan,Low-SEC,Top-up,Small (20g),Classic Salted,Traditional Trade,100,130.92,-1.2,456,45600,0.46,20867.63
Japan,Low-SEC,Top-up,Small (20g),Spicy,7-Eleven,5,5.73,-0.74,483,2415,0.36,865.23
Japan,Low-SEC,Top-up,Small (20g),Spicy,Modern Trade,20,21.6,-0.46,487,9740,0.2,1995.12
Japan,Low-SEC,Top-up,Small (20g),Spicy,Traditional Trade,50,63.49,-1.05,490,24500,0.22,5434.61
Japan,Low-SEC,Top-up,Small (20g),Local Specialty,7-Eleven,50,56.79,-0.69,522,26100,0.42,11021.12
Japan,Low-SEC,Top-up,Small (20g),Local Specialty,Modern Trade,10,12.66,-0.71,491,4910,0.29,1416.1
Japan,Low-SEC,Top-up,Small (20g),Local Specialty,Traditional Trade,70,95.02,-1.05,487,34090,0.45,15183.31
Japan,Low-SEC,Top-up,Small (20g),Health-Oriented,7-Eleven,20,24.91,-0.38,503,10060,0.47,4738.08
Japan,Low-SEC,Top-up,Small (20g),Health-Oriented,Modern Trade,5,5.9,-0.65,524,2620,0.32,850.27
Japan,Low-SEC,Top-up,Small (20g),Health-Oriented,Traditional Trade,30,35.06,-1.39,496,14880,0.29,4275.9
Japan,Low-SEC,Top-up,Medium (50g),Classic Salted,7-Eleven,20,23.46,-0.78,464,9280,0.23,2105.73
Japan,Low-SEC,Top-up,Medium (50g),Classic Salted,Modern Trade,70,92.64,-0.35,522,36540,0.27,9759.13
Japan,Low-SEC,Top-up,Medium (50g),Classic Salted,Traditional Trade,30,35.42,-1.31,504,15120,0.2,3041.37
Japan,Low-SEC,Top-up,Medium (50g),Spicy,7-Eleven,20,25.08,-1.21,545,10900,0.23,2550.31
Japan,Low-SEC,Top-up,Medium (50g),Spicy,Modern Trade,20,26.17,-0.93,494,9880,0.37,3629.55
Japan,Low-SEC,Top-up,Medium (50g),Spicy,Traditional Trade,5,6.11,-1.13,463,2315,0.33,775.24
Japan,Low-SEC,Top-up,Medium (50g),Local Specialty,7-Eleven,30,36.77,-0.3,486,14580,0.25,3614.74
Japan,Low-SEC,Top-up,Medium (50g),Local Specialty,Modern Trade,50,65.97,-1.3,486,24300,0.47,11462.97
Japan,Low-SEC,Top-up,Medium (50g),Local Specialty,Traditional Trade,5,5.83,-1.36,529,2645,0.25,659.71
Japan,Low-SEC,Top-up,Medium (50g),Health-Oriented,7-Eleven,70,89.4,-0.98,486,34020,0.34,11431.57
Japan,Low-SEC,Top-up,Medium (50g),Health-Oriented,Modern Trade,100,117.25,-0.9,488,48800,0.46,22566.3
Japan,Low-SEC,Top-up,Medium (50g),Health-Oriented,Traditional Trade,100,97.99,-0.37,522,52200,0.37,19061.54
Japan,Low-SEC,Top-up,Large (100g),Classic Salted,7-Eleven,100,114.6,-1.02,488,48800,0.29,13940.89
Japan,Low-SEC,Top-up,Large (100g),Classic Salted,Modern Trade,30,38.68,-0.35,488,14640,0.36,5241.78
Japan,Low-SEC,Top-up,Large (100g),Classic Salted,Traditional Trade,20,23.62,-0.98,521,10420,0.33,3416.67
Japan,Low-SEC,Top-up,Large (100g),Spicy,7-Eleven,30,31.51,-1.1,488,14640,0.22,3156.7
Japan,Low-SEC,Top-up,Large (100g),Spicy,Modern Trade,5,5.45,-1.22,542,2710,0.41,1119.06
Japan,Low-SEC,Top-up,Large (100g),Spicy,Traditional Trade,20,23.86,-0.92,501,10020,0.49,4907.11
Japan,Low-SEC,Top-up,Large (100g),Local Specialty,7-Eleven,5,6.3,-1.26,480,2400,0.32,771.6
Japan,Low-SEC,Top-up,Large (100g),Local Specialty,Modern Trade,30,34.33,-0.38,464,13920,0.48,6619.75
Japan,Low-SEC,Top-up,Large (100g),Local Specialty,Traditional Trade,30,40.05,-1.31,475,14250,0.23,3215.12
Japan,Low-SEC,Top-up,Large (100g),Health-Oriented,7-Eleven,50,52.44,-0.41,478,23900,0.33,7998.26
Japan,Low-SEC,Top-up,Large (100g),Health-Oriented,Modern Trade,70,79.1,-1.23,542,37940,0.43,16480.65
Japan,Low-SEC,Top-up,Large (100g),Health-Oriented,Traditional Trade,100,121.62,-1.48,489,48900,0.28,13817.04
Japan,Low-SEC,Top-up,Multi-pack,Classic Salted,7-Eleven,100,122.4,-1.41,461,46100,0.29,13415.53
Japan,Low-SEC,Top-up,Multi-pack,Classic Salted,Modern Trade,50,63.67,-1.03,477,23850,0.49,11624.34
Japan,Low-SEC,Top-up,Multi-pack,Classic Salted,Traditional Trade,5,5.57,-0.76,489,2445,0.33,807.84
Japan,Low-SEC,Top-up,Multi-pack,Spicy,7-Eleven,100,120.06,-1.27,478,47800,0.28,13368.53
Japan,Low-SEC,Top-up,Multi-pack,Spicy,Modern Trade,20,22.58,-1.11,498,9960,0.48,4776.01
Japan,Low-SEC,Top-up,Multi-pack,Spicy,Traditional Trade,5,6.32,-1.25,491,2455,0.35,866.6
Japan,Low-SEC,Top-up,Multi-pack,Local Specialty,7-Eleven,10,12.93,-0.38,492,4920,0.47,2306.84
Japan,Low-SEC,Top-up,Multi-pack,Local Specialty,Modern Trade,30,35.73,-0.53,495,14850,0.26,3859.09
Japan,Low-SEC,Top-up,Multi-pack,Local Specialty,Traditional Trade,20,24.21,-1.18,451,9020,0.44,3973.98
Japan,Low-SEC,Top-up,Multi-pack,Health-Oriented,7-Eleven,10,11.65,-0.48,499,4990,0.49,2461.85
Japan,Low-SEC,Top-up,Multi-pack,Health-Oriented,Modern Trade,100,113.98,-1.15,476,47600,0.47,22526.71
Japan,Low-SEC,Top-up,Multi-pack,Health-Oriented,Traditional Trade,100,113.67,-0.76,494,49400,0.21,10598.24
Japan,Low-SEC,Sharing,Small (20g),Classic Salted,7-Eleven,30,36.96,-0.76,442,13260,0.39,5234.33
Japan,Low-SEC,Sharing,Small (20g),Classic Salted,Modern Trade,5,5.3,-0.66,509,2545,0.23,580.4
Japan,Low-SEC,Sharing,Small (20g),Classic Salted,Traditional Trade,50,54.82,-0.36,498,24900,0.43,10704.29
Japan,Low-SEC,Sharing,Small (20g),Spicy,7-Eleven,20,23.59,-0.9,487,9740,0.46,4481.82
Japan,Low-SEC,Sharing,Small (20g),Spicy,Modern Trade,100,116.73,-0.82,518,51800,0.27,13913.54
Japan,Low-SEC,Sharing,Small (20g),Spicy,Traditional Trade,100,121.25,-0.44,498,49800,0.2,10066.02
Japan,Low-SEC,Sharing,Small (20g),Local Specialty,7-Eleven,100,115.18,-0.85,512,51200,0.49,24923.85
Japan,Low-SEC,Sharing,Small (20g),Local Specialty,Modern Trade,50,65.49,-0.86,493,24650,0.39,9678.41
Japan,Low-SEC,Sharing,Small (20g),Local Specialty,Traditional Trade,30,33.87,-0.49,491,14730,0.34,5026.54
Japan,Low-SEC,Sharing,Small (20g),Health-Oriented,7-Eleven,10,11.62,-1.26,506,5060,0.32,1639.45
Japan,Low-SEC,Sharing,Small (20g),Health-Oriented,Modern Trade,100,98.06,-0.6,524,52400,0.21,11090.14
Japan,Low-SEC,Sharing,Small (20g),Health-Oriented,Traditional Trade,30,40.8,-1.27,502,15060,0.45,6784.33
Japan,Low-SEC,Sharing,Medium (50g),Classic Salted,7-Eleven,10,11.52,-0.98,498,4980,0.21,1042.42
Japan,Low-SEC,Sharing,Medium (50g),Classic Salted,Modern Trade,50,64.21,-0.36,482,24100,0.23,5422.83
Japan,Low-SEC,Sharing,Medium (50g),Classic Salted,Traditional Trade,5,6.07,-0.7,536,2680,0.39,1035.69
Japan,Low-SEC,Sharing,Medium (50g),Spicy,7-Eleven,20,25.46,-1.45,477,9540,0.43,4102.49
Japan,Low-SEC,Sharing,Medium (50g),Spicy,Modern Trade,70,75.32,-0.86,479,33530,0.44,14812.61
Japan,Low-SEC,Sharing,Medium (50g),Spicy,Traditional Trade,50,52.49,-1.16,478,23900,0.46,10986.67
Japan,Low-SEC,Sharing,Medium (50g),Local Specialty,7-Eleven,10,11.82,-1.07,517,5170,0.45,2300.85
Japan,Low-SEC,Sharing,Medium (50g),Local Specialty,Modern Trade,10,11.89,-0.35,521,5210,0.35,1813.09
Japan,Low-SEC,Sharing,Medium (50g),Local Specialty,Traditional Trade,100,109.44,-0.7,485,48500,0.38,18237.47
Japan,Low-SEC,Sharing,Medium (50g),Health-Oriented,7-Eleven,5,5.82,-0.97,525,2625,0.33,878.3
Japan,Low-SEC,Sharing,Medium (50g),Health-Oriented,Modern Trade,30,42.11,-0.56,493,14790,0.25,3626.26
Japan,Low-SEC,Sharing,Medium (50g),Health-Oriented,Traditional Trade,50,62.34,-0.38,492,24600,0.21,5070.12
Japan,Low-SEC,Sharing,Large (100g),Classic Salted,7-Eleven,10,11.94,-0.45,502,5020,0.35,1732.6
Japan,Low-SEC,Sharing,Large (100g),Classic Salted,Modern Trade,20,21.1,-0.91,469,9380,0.27,2570.96
Japan,Low-SEC,Sharing,Large (100g),Classic Salted,Traditional Trade,100,120.31,-0.69,519,51900,0.38,19736.9
Japan,Low-SEC,Sharing,Large (100g),Spicy,7-Eleven,30,38.07,-1.46,500,15000,0.25,3823.15
Japan,Low-SEC,Sharing,Large (100g),Spicy,Modern Trade,30,33.06,-0.75,460,13800,0.25,3516.07
Japan,Low-SEC,Sharing,Large (100g),Spicy,Traditional Trade,5,5.02,-0.81,509,2545,0.42,1072.69
Japan,Low-SEC,Sharing,Large (100g),Local Specialty,7-Eleven,70,92.17,-0.98,499,34930,0.21,7178.38
Japan,Low-SEC,Sharing,Large (100g),Local Specialty,Modern Trade,20,22.55,-0.72,508,10160,0.23,2293.5
Japan,Low-SEC,Sharing,Large (100g),Local Specialty,Traditional Trade,10,11.25,-1.07,506,5060,0.21,1078.28
Japan,Low-SEC,Sharing,Large (100g),Health-Oriented,7-Eleven,100,123.83,-1.22,532,53200,0.26,13854.33
Japan,Low-SEC,Sharing,Large (100g),Health-Oriented,Modern Trade,10,12.11,-1.19,457,4570,0.27,1249.55
Japan,Low-SEC,Sharing,Large (100g),Health-Oriented,Traditional Trade,70,87.21,-0.44,495,34650,0.48,16475.57
Japan,Low-SEC,Sharing,Multi-pack,Classic Salted,7-Eleven,70,75.1,-0.88,536,37520,0.22,8244.98
Japan,Low-SEC,Sharing,Multi-pack,Classic Salted,Modern Trade,30,34.86,-0.67,505,15150,0.24,3586.68
Japan,Low-SEC,Sharing,Multi-pack,Classic Salted,Traditional Trade,100,130.39,-1.01,499,49900,0.28,14143.81
Japan,Low-SEC,Sharing,Multi-pack,Spicy,7-Eleven,10,12.09,-1.11,548,5480,0.34,1853.67
Japan,Low-SEC,Sharing,Multi-pack,Spicy,Modern Trade,100,110.6,-0.92,516,51600,0.39,20014.49
Japan,Low-SEC,Sharing,Multi-pack,Spicy,Traditional Trade,5,6.24,-0.7,471,2355,0.28,658.09
Japan,Low-SEC,Sharing,Multi-pack,Local Specialty,7-Eleven,50,60.76,-0.6,480,24000,0.39,9248.26
Japan,Low-SEC,Sharing,Multi-pack,Local Specialty,Modern Trade,70,86.09,-0.58,467,32690,0.47,15268.39
Japan,Low-SEC,Sharing,Multi-pack,Local Specialty,Traditional Trade,50,63.93,-0.88,498,24900,0.37,9319.84
Japan,Low-SEC,Sharing,Multi-pack,Health-Oriented,7-Eleven,30,34.32,-0.62,494,14820,0.41,6073.15
Japan,Low-SEC,Sharing,Multi-pack,Health-Oriented,Modern Trade,70,82.77,-0.47,497,34790,0.27,9481.3
Japan,Low-SEC,Sharing,Multi-pack,Health-Oriented,Traditional Trade,5,6.04,-0.92,532,2660,0.42,1130.28
Japan,Low-SEC,Health-conscious,Small (20g),Classic Salted,7-Eleven,5,5.97,-0.31,519,2595,0.35,909.37
Japan,Low-SEC,Health-conscious,Small (20g),Classic Salted,Modern Trade,50,55.39,-1.22,494,24700,0.43,10654.78
Japan,Low-SEC,Health-conscious,Small (20g),Classic Salted,Traditional Trade,30,30.81,-0.9,507,15210,0.35,5261.47
Japan,Low-SEC,Health-conscious,Small (20g),Spicy,7-Eleven,70,93.34,-0.89,476,33320,0.36,12079.44
Japan,Low-SEC,Health-conscious,Small (20g),Spicy,Modern Trade,5,6.18,-0.38,549,2745,0.24,660.6
Japan,Low-SEC,Health-conscious,Small (20g),Spicy,Traditional Trade,5,5.75,-0.88,468,2340,0.26,596.87
Japan,Low-SEC,Health-conscious,Small (20g),Local Specialty,7-Eleven,10,11.44,-1.04,521,5210,0.25,1308.91
Japan,Low-SEC,Health-conscious,Small (20g),Local Specialty,Modern Trade,20,21.01,-1.18,501,10020,0.38,3842.64
Japan,Low-SEC,Health-conscious,Small (20g),Local Specialty,Traditional Trade,30,41.13,-0.37,536,16080,0.27,4396.51
Japan,Low-SEC,Health-conscious,Small (20g),Health-Oriented,7-Eleven,30,37.57,-1.34,487,14610,0.49,7182.51
Japan,Low-SEC,Health-conscious,Small (20g),Health-Oriented,Modern Trade,30,35.69,-1.49,496,14880,0.36,5403.87
Japan,Low-SEC,Health-conscious,Small (20g),Health-Oriented,Traditional Trade,30,37.84,-1.09,498,14940,0.46,6881.97
Japan,Low-SEC,Health-conscious,Medium (50g),Classic Salted,7-Eleven,30,33.68,-0.52,535,16050,0.36,5771.26
Japan,Low-SEC,Health-conscious,Medium (50g),Classic Salted,Modern Trade,5,6.95,-1.16,448,2240,0.46,1027.78
Japan,Low-SEC,Health-conscious,Medium (50g),Classic Salted,Traditional Trade,30,37.18,-0.48,537,16110,0.47,7590.81
Japan,Low-SEC,Health-conscious,Medium (50g),Spicy,7-Eleven,10,11.57,-1.12,503,5030,0.21,1072.22
Japan,Low-SEC,Health-conscious,Medium (50g),Spicy,Modern Trade,20,23.13,-1.19,478,9560,0.2,1913.15
Japan,Low-SEC,Health-conscious,Medium (50g),Spicy,Traditional Trade,70,96.06,-0.53,461,32270,0.32,10193.15
Japan,Low-SEC,Health-conscious,Medium (50g),Local Specialty,7-Eleven,5,4.9,-1.12,530,2650,0.23,605.17
Japan,Low-SEC,Health-conscious,Medium (50g),Local Specialty,Modern Trade,30,35.31,-0.59,507,15210,0.22,3286.47
Japan,Low-SEC,Health-conscious,Medium (50g),Local Specialty,Traditional Trade,10,12.34,-1.25,500,5000,0.29,1425.26
Japan,Low-SEC,Health-conscious,Medium (50g),Health-Oriented,7-Eleven,30,33.02,-0.36,526,15780,0.22,3525.22
Japan,Low-SEC,Health-conscious,Medium (50g),Health-Oriented,Modern Trade,100,119.82,-1.31,499,49900,0.39,19551.61
Japan,Low-SEC,Health-conscious,Medium (50g),Health-Oriented,Traditional Trade,20,22.05,-1.35,495,9900,0.47,4616.62
Japan,Low-SEC,Health-conscious,Large (100g),Classic Salted,7-Eleven,100,114.81,-0.55,502,50200,0.31,15500.5
Japan,Low-SEC,Health-conscious,Large (100g),Classic Salted,Modern Trade,30,38.56,-1.42,510,15300,0.48,7415.53
Japan,Low-SEC,Health-conscious,Large (100g),Classic Salted,Traditional Trade,50,61.03,-0.92,513,25650,0.26,6621.21
Japan,Low-SEC,Health-conscious,Large (100g),Spicy,7-Eleven,30,31.13,-1.24,516,15480,0.37,5759.3
Japan,Low-SEC,Health-conscious,Large (100g),Spicy,Modern Trade,10,12.45,-0.37,501,5010,0.27,1353.79
Japan,Low-SEC,Health-conscious,Large (100g),Spicy,Traditional Trade,20,23.29,-1.44,484,9680,0.36,3485.62
Japan,Low-SEC,Health-conscious,Large (100g),Local Specialty,7-Eleven,10,11.86,-0.67,499,4990,0.28,1398.86
Japan,Low-SEC,Health-conscious,Large (100g),Local Specialty,Modern Trade,30,37.77,-0.95,498,14940,0.48,7203.95
Japan,Low-SEC,Health-conscious,Large (100g),Local Specialty,Traditional Trade,50,58.58,-0.9,503,25150,0.43,10767.71
Japan,Low-SEC,Health-conscious,Large (100g),Health-Oriented,7-Eleven,50,59.47,-0.32,548,27400,0.46,12675.49
Japan,Low-SEC,Health-conscious,Large (100g),Health-Oriented,Modern Trade,5,5.79,-0.85,526,2630,0.31,820.46
Japan,Low-SEC,Health-conscious,Large (100g),Health-Oriented,Traditional Trade,10,13.82,-0.91,505,5050,0.47,2374.88
Japan,Low-SEC,Health-conscious,Multi-pack,Classic Salted,7-Eleven,5,6.55,-1.38,507,2535,0.22,566.85
Japan,Low-SEC,Health-conscious,Multi-pack,Classic Salted,Modern Trade,70,94.09,-0.87,494,34580,0.23,7841.59
Japan,Low-SEC,Health-conscious,Multi-pack,Classic Salted,Traditional Trade,100,107.5,-0.32,504,50400,0.3,15000.32
Japan,Low-SEC,Health-conscious,Multi-pack,Spicy,7-Eleven,50,58.67,-1.39,495,24750,0.21,5133.38
Japan,Low-SEC,Health-conscious,Multi-pack,Spicy,Modern Trade,30,36.48,-1.17,455,13650,0.47,6395.16
Japan,Low-SEC,Health-conscious,Multi-pack,Spicy,Traditional Trade,30,40.09,-0.68,483,14490,0.41,5900.1
Japan,Low-SEC,Health-conscious,Multi-pack,Local Specialty,7-Eleven,100,100.95,-1.06,480,48000,0.49,23577.62
Japan,Low-SEC,Health-conscious,Multi-pack,Local Specialty,Modern Trade,20,26.89,-1.29,506,10120,0.33,3380.15
Japan,Low-SEC,Health-conscious,Multi-pack,Local Specialty,Traditional Trade,30,38.16,-0.92,503,15090,0.25,3841.05
Japan,Low-SEC,Health-conscious,Multi-pack,Health-Oriented,7-Eleven,70,80.18,-1.4,514,35980,0.41,14644.67
Japan,Low-SEC,Health-conscious,Multi-pack,Health-Oriented,Modern Trade,5,5.31,-0.94,491,2455,0.29,719.04
Japan,Low-SEC,Health-conscious,Multi-pack,Health-Oriented,Traditional Trade,50,51.01,-0.7,511,25550,0.34,8636.69
Japan,Mid-SEC,Impulse,Small (20g),Classic Salted,7-Eleven,5,5.72,-1.47,533,2665,0.27,714.91
Japan,Mid-SEC,Impulse,Small (20g),Classic Salted,Modern Trade,30,34.2,-1.16,470,14100,0.22,3137.85
Japan,Mid-SEC,Impulse,Small (20g),Classic Salted,Traditional Trade,10,12.36,-1.09,514,5140,0.28,1422.78
Japan,Mid-SEC,Impulse,Small (20g),Spicy,7-Eleven,5,5.54,-0.72,469,2345,0.33,776.53
Japan,Mid-SEC,Impulse,Small (20g),Spicy,Modern Trade,50,63.36,-0.45,494,24700,0.28,6845.08
Japan,Mid-SEC,Impulse,Small (20g),Spicy,Traditional Trade,10,10.5,-0.92,491,4910,0.31,1524.5
Japan,Mid-SEC,Impulse,Small (20g),Local Specialty,7-Eleven,100,106.01,-0.5,510,51000,0.3,15312.39
Japan,Mid-SEC,Impulse,Small (20g),Local Specialty,Modern Trade,50,52.4,-0.52,501,25050,0.35,8746.21
Japan,Mid-SEC,Impulse,Small (20g),Local Specialty,Traditional Trade,10,11.85,-1.09,472,4720,0.35,1646.79
Japan,Mid-SEC,Impulse,Small (20g),Health-Oriented,7-Eleven,30,39.18,-1.02,512,15360,0.49,7502.21
Japan,Mid-SEC,Impulse,Small (20g),Health-Oriented,Modern Trade,20,26.52,-1.37,493,9860,0.37,3656.53
Japan,Mid-SEC,Impulse,Small (20g),Health-Oriented,Traditional Trade,50,62.03,-0.47,461,23050,0.46,10489.95
Japan,Mid-SEC,Impulse,Medium (50g),Classic Salted,7-Eleven,20,25.29,-0.85,525,10500,0.24,2508.82
Japan,Mid-SEC,Impulse,Medium (50g),Classic Salted,Modern Trade,50,54.5,-0.83,548,27400,0.3,8167.46
Japan,Mid-SEC,Impulse,Medium (50g),Classic Salted,Traditional Trade,70,88.71,-0.5,468,32760,0.45,14616.63
Japan,Mid-SEC,Impulse,Medium (50g),Spicy,7-Eleven,100,121.67,-1.16,482,48200,0.22,10455.28
Japan,Mid-SEC,Impulse,Medium (50g),Spicy,Modern Trade,50,60.51,-0.83,515,25750,0.38,9882.99
Japan,Mid-SEC,Impulse,Medium (50g),Spicy,Traditional Trade,30,29.06,-0.8,503,15090,0.28,4192.53
Japan,Mid-SEC,Impulse,Medium (50g),Local Specialty,7-Eleven,50,60.01,-0.49,513,25650,0.31,7830.76
Japan,Mid-SEC,Impulse,Medium (50g),Local Specialty,Modern Trade,50,52.28,-1.01,493,24650,0.22,5382.7
Japan,Mid-SEC,Impulse,Medium (50g),Local Specialty,Traditional Trade,70,84.96,-1.3,483,33810,0.41,13902.03
Japan,Mid-SEC,Impulse,Medium (50g),Health-Oriented,7-Eleven,10,12.03,-0.37,494,4940,0.34,1676.91
Japan,Mid-SEC,Impulse,Medium (50g),Health-Oriented,Modern Trade,70,78.31,-1.27,500,35000,0.44,15511.34
Japan,Mid-SEC,Impulse,Medium (50g),Health-Oriented,Traditional Trade,5,7.05,-0.62,511,2555,0.42,1063.35
Japan,Mid-SEC,Impulse,Large (100g),Classic Salted,7-Eleven,10,12.98,-0.4,440,4400,0.36,1595.84
Japan,Mid-SEC,Impulse,Large (100g),Classic Salted,Modern Trade,50,60,-1.32,517,25850,0.25,6477.49
Japan,Mid-SEC,Impulse,Large (100g),Classic Salted,Traditional Trade,50,68.27,-0.4,514,25700,0.32,8180.37
Japan,Mid-SEC,Impulse,Large (100g),Spicy,7-Eleven,100,126.23,-1.5,469,46900,0.4,18879.08
Japan,Mid-SEC,Impulse,Large (100g),Spicy,Modern Trade,70,95.13,-0.87,460,32200,0.45,14554.38
Japan,Mid-SEC,Impulse,Large (100g),Spicy,Traditional Trade,70,80.02,-0.63,533,37310,0.5,18545.56
Japan,Mid-SEC,Impulse,Large (100g),Local Specialty,7-Eleven,50,55.01,-0.8,535,26750,0.4,10728.79
Japan,Mid-SEC,Impulse,Large (100g),Local Specialty,Modern Trade,30,37.56,-1.27,508,15240,0.26,4013.64
Japan,Mid-SEC,Impulse,Large (100g),Local Specialty,Traditional Trade,70,77.41,-0.42,493,34510,0.33,11544.37
Japan,Mid-SEC,Impulse,Large (100g),Health-Oriented,7-Eleven,10,11.45,-1.12,496,4960,0.37,1834
Japan,Mid-SEC,Impulse,Large (100g),Health-Oriented,Modern Trade,20,24.96,-0.88,510,10200,0.33,3387.73
Japan,Mid-SEC,Impulse,Large (100g),Health-Oriented,Traditional Trade,50,55.69,-0.42,517,25850,0.38,9847.99
Japan,Mid-SEC,Impulse,Multi-pack,Classic Salted,7-Eleven,30,35.05,-1.11,508,15240,0.21,3157.2
Japan,Mid-SEC,Impulse,Multi-pack,Classic Salted,Modern Trade,20,24.23,-0.96,489,9780,0.28,2726.74
Japan,Mid-SEC,Impulse,Multi-pack,Classic Salted,Traditional Trade,10,12.5,-0.88,479,4790,0.38,1808.43
Japan,Mid-SEC,Impulse,Multi-pack,Spicy,7-Eleven,10,11.11,-1.41,473,4730,0.44,2098.68
Japan,Mid-SEC,Impulse,Multi-pack,Spicy,Modern Trade,20,25.64,-0.64,511,10220,0.39,4013.22
Japan,Mid-SEC,Impulse,Multi-pack,Spicy,Traditional Trade,5,6.41,-1.45,508,2540,0.35,889.27
Japan,Mid-SEC,Impulse,Multi-pack,Local Specialty,7-Eleven,50,53.27,-0.73,513,25650,0.3,7764.26
Japan,Mid-SEC,Impulse,Multi-pack,Local Specialty,Modern Trade,20,22.28,-0.58,504,10080,0.36,3612.1
Japan,Mid-SEC,Impulse,Multi-pack,Local Specialty,Traditional Trade,10,14.64,-0.6,563,5630,0.22,1216.25
Japan,Mid-SEC,Impulse,Multi-pack,Health-Oriented,7-Eleven,100,125.98,-0.37,502,50200,0.34,17305.3
Japan,Mid-SEC,Impulse,Multi-pack,Health-Oriented,Modern Trade,5,6.09,-0.6,487,2435,0.45,1099.04
Japan,Mid-SEC,Impulse,Multi-pack,Health-Oriented,Traditional Trade,20,23.45,-1.41,531,10620,0.38,4013.25
Japan,Mid-SEC,Top-up,Small (20g),Classic Salted,7-Eleven,70,85.29,-1,513,35910,0.28,10168.9
Japan,Mid-SEC,Top-up,Small (20g),Classic Salted,Modern Trade,20,24.91,-0.3,517,10340,0.31,3170.11
Japan,Mid-SEC,Top-up,Small (20g),Classic Salted,Traditional Trade,5,6.77,-0.86,525,2625,0.31,813.82
Japan,Mid-SEC,Top-up,Small (20g),Spicy,7-Eleven,30,36.96,-1.22,497,14910,0.49,7249.83
Japan,Mid-SEC,Top-up,Small (20g),Spicy,Modern Trade,10,12.26,-0.84,542,5420,0.42,2300.64
Japan,Mid-SEC,Top-up,Small (20g),Spicy,Traditional Trade,50,59.8,-0.42,472,23600,0.33,7725.97
Japan,Mid-SEC,Top-up,Small (20g),Local Specialty,7-Eleven,30,36.22,-0.87,472,14160,0.44,6273.48
Japan,Mid-SEC,Top-up,Small (20g),Local Specialty,Modern Trade,70,89.17,-1.39,509,35630,0.26,9356.28
Japan,Mid-SEC,Top-up,Small (20g),Local Specialty,Traditional Trade,30,34.24,-0.78,475,14250,0.29,4137.76
Japan,Mid-SEC,Top-up,Small (20g),Health-Oriented,7-Eleven,20,24.46,-0.94,506,10120,0.42,4275.61
Japan,Mid-SEC,Top-up,Small (20g),Health-Oriented,Modern Trade,100,130.41,-1.31,512,51200,0.33,16773.48
Japan,Mid-SEC,Top-up,Small (20g),Health-Oriented,Traditional Trade,30,32.2,-1.2,517,15510,0.46,7204.63
Japan,Mid-SEC,Top-up,Medium (50g),Classic Salted,7-Eleven,100,118.86,-0.76,463,46300,0.41,19168.04
Japan,Mid-SEC,Top-up,Medium (50g),Classic Salted,Modern Trade,10,12.15,-0.71,508,5080,0.31,1592.11
Japan,Mid-SEC,Top-up,Medium (50g),Classic Salted,Traditional Trade,100,123.02,-0.9,514,51400,0.3,15282.84
Japan,Mid-SEC,Top-up,Medium (50g),Spicy,7-Eleven,10,11.45,-1.1,501,5010,0.21,1048.33
Japan,Mid-SEC,Top-up,Medium (50g),Spicy,Modern Trade,30,35.95,-1.09,540,16200,0.37,6065.72
Japan,Mid-SEC,Top-up,Medium (50g),Spicy,Traditional Trade,20,25.37,-0.84,480,9600,0.4,3798.52
Japan,Mid-SEC,Top-up,Medium (50g),Local Specialty,7-Eleven,10,11.23,-1.45,488,4880,0.23,1132.64
Japan,Mid-SEC,Top-up,Medium (50g),Local Specialty,Modern Trade,100,111.29,-0.64,527,52700,0.21,10870.58
Japan,Mid-SEC,Top-up,Medium (50g),Local Specialty,Traditional Trade,70,82.89,-1.22,501,35070,0.48,16909.39
Japan,Mid-SEC,Top-up,Medium (50g),Health-Oriented,7-Eleven,50,55.41,-0.41,504,25200,0.31,7921.47
Japan,Mid-SEC,Top-up,Medium (50g),Health-Oriented,Modern Trade,100,135.79,-0.96,489,48900,0.23,11174.48
Japan,Mid-SEC,Top-up,Medium (50g),Health-Oriented,Traditional Trade,70,79.72,-1.26,494,34580,0.46,16009.44
Japan,Mid-SEC,Top-up,Large (100g),Classic Salted,7-Eleven,10,11.84,-0.77,513,5130,0.46,2363.54
Japan,Mid-SEC,Top-up,Large (100g),Classic Salted,Modern Trade,10,10.79,-0.82,496,4960,0.34,1683.46
Japan,Mid-SEC,Top-up,Large (100g),Classic Salted,Traditional Trade,30,37.25,-0.5,500,15000,0.2,3061.38
Japan,Mid-SEC,Top-up,Large (100g),Spicy,7-Eleven,10,13.17,-1.14,513,5130,0.29,1481.16
Japan,Mid-SEC,Top-up,Large (100g),Spicy,Modern Trade,70,65.01,-1.01,481,33670,0.26,8720.75
Japan,Mid-SEC,Top-up,Large (100g),Spicy,Traditional Trade,30,35.55,-1.43,478,14340,0.39,5566.47
Japan,Mid-SEC,Top-up,Large (100g),Local Specialty,7-Eleven,50,57.24,-1.07,532,26600,0.36,9657.89
Japan,Mid-SEC,Top-up,Large (100g),Local Specialty,Modern Trade,70,76.32,-0.72,493,34510,0.21,7365.49
Japan,Mid-SEC,Top-up,Large (100g),Local Specialty,Traditional Trade,50,59.68,-0.84,532,26600,0.45,11884.73
Japan,Mid-SEC,Top-up,Large (100g),Health-Oriented,7-Eleven,70,79.38,-1.25,493,34510,0.32,11044.81
Japan,Mid-SEC,Top-up,Large (100g),Health-Oriented,Modern Trade,50,60.06,-0.54,496,24800,0.45,11274.83
Japan,Mid-SEC,Top-up,Large (100g),Health-Oriented,Traditional Trade,5,5.4,-0.65,499,2495,0.47,1161.37
Japan,Mid-SEC,Top-up,Multi-pack,Classic Salted,7-Eleven,30,31.72,-1.18,522,15660,0.5,7792.85
Japan,Mid-SEC,Top-up,Multi-pack,Classic Salted,Modern Trade,50,61.97,-1.34,521,26050,0.35,9056.67
Japan,Mid-SEC,Top-up,Multi-pack,Classic Salted,Traditional Trade,50,58.89,-0.86,449,22450,0.27,6138.73
Japan,Mid-SEC,Top-up,Multi-pack,Spicy,7-Eleven,5,6.48,-0.68,470,2350,0.32,759.73
Japan,Mid-SEC,Top-up,Multi-pack,Spicy,Modern Trade,70,93.33,-1.29,484,33880,0.46,15552.53
Japan,Mid-SEC,Top-up,Multi-pack,Spicy,Traditional Trade,50,64.64,-0.57,476,23800,0.43,10252.45
Japan,Mid-SEC,Top-up,Multi-pack,Local Specialty,7-Eleven,100,103.06,-1.18,470,47000,0.38,17652.18
Japan,Mid-SEC,Top-up,Multi-pack,Local Specialty,Modern Trade,70,91.05,-1.07,498,34860,0.39,13675.64
Japan,Mid-SEC,Top-up,Multi-pack,Local Specialty,Traditional Trade,30,32.99,-0.75,515,15450,0.28,4382.57
Japan,Mid-SEC,Top-up,Multi-pack,Health-Oriented,7-Eleven,100,116.69,-0.36,456,45600,0.22,9901.58
Japan,Mid-SEC,Top-up,Multi-pack,Health-Oriented,Modern Trade,10,12.07,-0.7,524,5240,0.21,1108.67
Japan,Mid-SEC,Top-up,Multi-pack,Health-Oriented,Traditional Trade,10,12.97,-0.45,488,4880,0.34,1661.83
Japan,Mid-SEC,Sharing,Small (20g),Classic Salted,7-Eleven,10,11.6,-1.17,509,5090,0.47,2401.23
Japan,Mid-SEC,Sharing,Small (20g),Classic Salted,Modern Trade,10,12.08,-0.88,474,4740,0.43,2025.12
Japan,Mid-SEC,Sharing,Small (20g),Classic Salted,Traditional Trade,50,64.6,-1.26,480,24000,0.27,6382
Japan,Mid-SEC,Sharing,Small (20g),Spicy,7-Eleven,30,39.06,-0.97,520,15600,0.34,5241.27
Japan,Mid-SEC,Sharing,Small (20g),Spicy,Modern Trade,100,125.06,-0.71,481,48100,0.29,14163.16
Japan,Mid-SEC,Sharing,Small (20g),Spicy,Traditional Trade,50,62.18,-1.36,485,24250,0.34,8162.52
Japan,Mid-SEC,Sharing,Small (20g),Local Specialty,7-Eleven,30,38.88,-1.39,539,16170,0.31,4998.43
Japan,Mid-SEC,Sharing,Small (20g),Local Specialty,Modern Trade,20,26.26,-0.59,483,9660,0.21,2047.08
Japan,Mid-SEC,Sharing,Small (20g),Local Specialty,Traditional Trade,30,35.44,-0.74,480,14400,0.43,6216.08
Japan,Mid-SEC,Sharing,Small (20g),Health-Oriented,7-Eleven,20,26.42,-0.93,508,10160,0.47,4757.19
Japan,Mid-SEC,Sharing,Small (20g),Health-Oriented,Modern Trade,100,132.33,-0.54,494,49400,0.32,15898.14
Japan,Mid-SEC,Sharing,Small (20g),Health-Oriented,Traditional Trade,20,23.98,-0.51,481,9620,0.44,4250.4
Japan,Mid-SEC,Sharing,Medium (50g),Classic Salted,7-Eleven,30,39.95,-1.21,468,14040,0.23,3224.86
Japan,Mid-SEC,Sharing,Medium (50g),Classic Salted,Modern Trade,5,5.32,-1.17,527,2635,0.49,1296.19
Japan,Mid-SEC,Sharing,Medium (50g),Classic Salted,Traditional Trade,30,33.22,-0.65,472,14160,0.25,3578.26
Japan,Mid-SEC,Sharing,Medium (50g),Spicy,7-Eleven,10,11.89,-0.35,513,5130,0.32,1637.96
Japan,Mid-SEC,Sharing,Medium (50g),Spicy,Modern Trade,20,21.66,-0.92,503,10060,0.28,2787.98
Japan,Mid-SEC,Sharing,Medium (50g),Spicy,Traditional Trade,10,11.28,-0.36,489,4890,0.37,1815.16
Japan,Mid-SEC,Sharing,Medium (50g),Local Specialty,7-Eleven,5,5.01,-0.62,512,2560,0.27,703.97
Japan,Mid-SEC,Sharing,Medium (50g),Local Specialty,Modern Trade,5,5.25,-0.77,505,2525,0.35,873.19
Japan,Mid-SEC,Sharing,Medium (50g),Local Specialty,Traditional Trade,30,33.54,-1.24,467,14010,0.4,5579.04
Japan,Mid-SEC,Sharing,Medium (50g),Health-Oriented,7-Eleven,50,57.87,-0.36,515,25750,0.47,11980.79
Japan,Mid-SEC,Sharing,Medium (50g),Health-Oriented,Modern Trade,20,23.66,-0.8,535,10700,0.26,2753.28
Japan,Mid-SEC,Sharing,Medium (50g),Health-Oriented,Traditional Trade,10,13.1,-0.97,505,5050,0.5,2507.22
Japan,Mid-SEC,Sharing,Large (100g),Classic Salted,7-Eleven,70,80.39,-0.54,507,35490,0.35,12366.44
Japan,Mid-SEC,Sharing,Large (100g),Classic Salted,Modern Trade,20,23.75,-0.61,519,10380,0.29,3026.44
Japan,Mid-SEC,Sharing,Large (100g),Classic Salted,Traditional Trade,30,31.23,-0.62,482,14460,0.36,5190.42
Japan,Mid-SEC,Sharing,Large (100g),Spicy,7-Eleven,70,79.35,-1.15,508,35560,0.4,14098.91
Japan,Mid-SEC,Sharing,Large (100g),Spicy,Modern Trade,30,34.9,-0.57,507,15210,0.31,4746.76
Japan,Mid-SEC,Sharing,Large (100g),Spicy,Traditional Trade,100,125.04,-0.68,456,45600,0.49,22305.03
Japan,Mid-SEC,Sharing,Large (100g),Local Specialty,7-Eleven,5,5.1,-1.36,514,2570,0.31,802.31
Japan,Mid-SEC,Sharing,Large (100g),Local Specialty,Modern Trade,5,6.17,-0.36,539,2695,0.28,742.95
Japan,Mid-SEC,Sharing,Large (100g),Local Specialty,Traditional Trade,30,39.91,-1.38,547,16410,0.25,4174.3
Japan,Mid-SEC,Sharing,Large (100g),Health-Oriented,7-Eleven,5,6.07,-0.65,492,2460,0.43,1070.07
Japan,Mid-SEC,Sharing,Large (100g),Health-Oriented,Modern Trade,50,56.86,-1.05,491,24550,0.41,9958.99
Japan,Mid-SEC,Sharing,Large (100g),Health-Oriented,Traditional Trade,100,93.82,-0.98,478,47800,0.44,21068.72
Japan,Mid-SEC,Sharing,Multi-pack,Classic Salted,7-Eleven,5,5.05,-0.73,486,2430,0.42,1018.55
Japan,Mid-SEC,Sharing,Multi-pack,Classic Salted,Modern Trade,100,118.72,-1.45,465,46500,0.25,11433.56
Japan,Mid-SEC,Sharing,Multi-pack,Classic Salted,Traditional Trade,20,22.47,-1.21,544,10880,0.31,3366.77
Japan,Mid-SEC,Sharing,Multi-pack,Spicy,7-Eleven,70,80.77,-0.45,493,34510,0.26,9048
Japan,Mid-SEC,Sharing,Multi-pack,Spicy,Modern Trade,100,104.93,-0.69,486,48600,0.22,10680.71
Japan,Mid-SEC,Sharing,Multi-pack,Spicy,Traditional Trade,5,5.5,-1.27,494,2470,0.31,773.54
Japan,Mid-SEC,Sharing,Multi-pack,Local Specialty,7-Eleven,20,21.58,-1.35,454,9080,0.25,2245.47
Japan,Mid-SEC,Sharing,Multi-pack,Local Specialty,Modern Trade,70,89.66,-1.29,518,36260,0.37,13319.86
Japan,Mid-SEC,Sharing,Multi-pack,Local Specialty,Traditional Trade,5,6.06,-0.82,488,2440,0.42,1024.85
Japan,Mid-SEC,Sharing,Multi-pack,Health-Oriented,7-Eleven,70,67.33,-0.45,478,33460,0.47,15704.07
Japan,Mid-SEC,Sharing,Multi-pack,Health-Oriented,Modern Trade,50,63.47,-1.07,470,23500,0.36,8402.24
Japan,Mid-SEC,Sharing,Multi-pack,Health-Oriented,Traditional Trade,50,49.86,-1.26,497,24850,0.38,9371.63
Japan,Mid-SEC,Health-conscious,Small (20g),Classic Salted,7-Eleven,70,84.76,-0.66,521,36470,0.25,8964.23
Japan,Mid-SEC,Health-conscious,Small (20g),Classic Salted,Modern Trade,70,77.65,-0.65,512,35840,0.32,11595.11
Japan,Mid-SEC,Health-conscious,Small (20g),Classic Salted,Traditional Trade,70,92.59,-1.24,506,35420,0.44,15561.45
Japan,Mid-SEC,Health-conscious,Small (20g),Spicy,7-Eleven,10,10.79,-0.39,588,5880,0.39,2274.52
Japan,Mid-SEC,Health-conscious,Small (20g),Spicy,Modern Trade,100,130.65,-1.2,521,52100,0.26,13287.45
Japan,Mid-SEC,Health-conscious,Small (20g),Spicy,Traditional Trade,100,117.42,-0.59,491,49100,0.41,20072.54
Japan,Mid-SEC,Health-conscious,Small (20g),Local Specialty,7-Eleven,10,11.24,-1.42,506,5060,0.42,2138.66
Japan,Mid-SEC,Health-conscious,Small (20g),Local Specialty,Modern Trade,5,5.85,-0.89,495,2475,0.21,514.64
Japan,Mid-SEC,Health-conscious,Small (20g),Local Specialty,Traditional Trade,5,5.82,-0.79,526,2630,0.21,540.17
Japan,Mid-SEC,Health-conscious,Small (20g),Health-Oriented,7-Eleven,50,64.04,-1.41,501,25050,0.41,10219.47
Japan,Mid-SEC,Health-conscious,Small (20g),Health-Oriented,Modern Trade,5,6.29,-0.76,509,2545,0.45,1141.58
Japan,Mid-SEC,Health-conscious,Small (20g),Health-Oriented,Traditional Trade,10,12.46,-0.55,484,4840,0.26,1279.97
Japan,Mid-SEC,Health-conscious,Medium (50g),Classic Salted,7-Eleven,50,57.42,-1,500,25000,0.28,7030.06
Japan,Mid-SEC,Health-conscious,Medium (50g),Classic Salted,Modern Trade,50,54.88,-1.46,507,25350,0.29,7341.4
Japan,Mid-SEC,Health-conscious,Medium (50g),Classic Salted,Traditional Trade,5,6.2,-0.47,500,2500,0.41,1022.17
Japan,Mid-SEC,Health-conscious,Medium (50g),Spicy,7-Eleven,100,125.82,-1.25,496,49600,0.45,22200.59
Japan,Mid-SEC,Health-conscious,Medium (50g),Spicy,Modern Trade,30,35.68,-0.61,508,15240,0.33,5022.21
Japan,Mid-SEC,Health-conscious,Medium (50g),Spicy,Traditional Trade,30,39.34,-0.56,498,14940,0.35,5167.92
Japan,Mid-SEC,Health-conscious,Medium (50g),Local Specialty,7-Eleven,5,6.74,-0.51,503,2515,0.34,855.92
Japan,Mid-SEC,Health-conscious,Medium (50g),Local Specialty,Modern Trade,50,59.03,-0.34,517,25850,0.21,5424.56
Japan,Mid-SEC,Health-conscious,Medium (50g),Local Specialty,Traditional Trade,70,99,-0.5,503,35210,0.3,10393.17
Japan,Mid-SEC,Health-conscious,Medium (50g),Health-Oriented,7-Eleven,100,115.3,-1.16,502,50200,0.25,12427.55
Japan,Mid-SEC,Health-conscious,Medium (50g),Health-Oriented,Modern Trade,10,11.71,-1.22,497,4970,0.43,2132.54
Japan,Mid-SEC,Health-conscious,Medium (50g),Health-Oriented,Traditional Trade,5,6.12,-0.96,520,2600,0.23,608.22
Japan,Mid-SEC,Health-conscious,Large (100g),Classic Salted,7-Eleven,70,82.49,-1.02,517,36190,0.32,11451.96
Japan,Mid-SEC,Health-conscious,Large (100g),Classic Salted,Modern Trade,50,54.11,-1.3,481,24050,0.33,7865.11
Japan,Mid-SEC,Health-conscious,Large (100g),Classic Salted,Traditional Trade,20,21.42,-0.7,527,10540,0.35,3662.17
Japan,Mid-SEC,Health-conscious,Large (100g),Spicy,7-Eleven,10,12.06,-0.33,489,4890,0.23,1110.32
Japan,Mid-SEC,Health-conscious,Large (100g),Spicy,Modern Trade,50,56.06,-0.35,514,25700,0.41,10568.64
Japan,Mid-SEC,Health-conscious,Large (100g),Spicy,Traditional Trade,100,122.03,-0.79,497,49700,0.49,24206.42
Japan,Mid-SEC,Health-conscious,Large (100g),Local Specialty,7-Eleven,10,12.77,-0.8,502,5020,0.26,1319.19
Japan,Mid-SEC,Health-conscious,Large (100g),Local Specialty,Modern Trade,5,6,-1.5,482,2410,0.31,756.71
Japan,Mid-SEC,Health-conscious,Large (100g),Local Specialty,Traditional Trade,10,12.37,-1.08,497,4970,0.21,1065.5
Japan,Mid-SEC,Health-conscious,Large (100g),Health-Oriented,7-Eleven,70,83.73,-0.57,504,35280,0.24,8642.15
Japan,Mid-SEC,Health-conscious,Large (100g),Health-Oriented,Modern Trade,20,20.86,-1.23,487,9740,0.5,4828.68
Japan,Mid-SEC,Health-conscious,Large (100g),Health-Oriented,Traditional Trade,10,12.46,-1.13,471,4710,0.38,1772.42
Japan,Mid-SEC,Health-conscious,Multi-pack,Classic Salted,7-Eleven,20,23.21,-0.73,494,9880,0.26,2589.07
Japan,Mid-SEC,Health-conscious,Multi-pack,Classic Salted,Modern Trade,10,11.96,-0.72,495,4950,0.41,2013.33
Japan,Mid-SEC,Health-conscious,Multi-pack,Classic Salted,Traditional Trade,5,6.55,-1.36,520,2600,0.23,609.71
Japan,Mid-SEC,Health-conscious,Multi-pack,Spicy,7-Eleven,10,12.2,-0.67,496,4960,0.24,1202.72
Japan,Mid-SEC,Health-conscious,Multi-pack,Spicy,Modern Trade,5,5.37,-0.35,489,2445,0.47,1150.24
Japan,Mid-SEC,Health-conscious,Multi-pack,Spicy,Traditional Trade,5,6.77,-1.18,483,2415,0.36,859.87
Japan,Mid-SEC,Health-conscious,Multi-pack,Local Specialty,7-Eleven,100,112.8,-0.97,476,47600,0.41,19586.13
Japan,Mid-SEC,Health-conscious,Multi-pack,Local Specialty,Modern Trade,20,22.15,-1.4,510,10200,0.49,4966.04
Japan,Mid-SEC,Health-conscious,Multi-pack,Local Specialty,Traditional Trade,5,6.47,-1.39,501,2505,0.25,637.19
Japan,Mid-SEC,Health-conscious,Multi-pack,Health-Oriented,7-Eleven,50,63.88,-0.53,472,23600,0.48,11365.13
Japan,Mid-SEC,Health-conscious,Multi-pack,Health-Oriented,Modern Trade,30,36.05,-1.3,488,14640,0.29,4286.55
Japan,Mid-SEC,Health-conscious,Multi-pack,Health-Oriented,Traditional Trade,100,121.43,-1.16,516,51600,0.38,19548.91
Japan,High-SEC,Impulse,Small (20g),Classic Salted,7-Eleven,100,117.62,-1.28,510,51000,0.41,20726.87
Japan,High-SEC,Impulse,Small (20g),Classic Salted,Modern Trade,30,37.4,-1.12,539,16170,0.45,7338.89
Japan,High-SEC,Impulse,Small (20g),Classic Salted,Traditional Trade,30,29.34,-1.31,495,14850,0.21,3070.26
Japan,High-SEC,Impulse,Small (20g),Spicy,7-Eleven,30,31.8,-0.97,520,15600,0.39,6092.53
Japan,High-SEC,Impulse,Small (20g),Spicy,Modern Trade,50,67.17,-0.85,488,24400,0.47,11376.96
Japan,High-SEC,Impulse,Small (20g),Spicy,Traditional Trade,70,85.99,-0.94,530,37100,0.4,14923.76
Japan,High-SEC,Impulse,Small (20g),Local Specialty,7-Eleven,50,62.84,-1.02,501,25050,0.31,7817.98
Japan,High-SEC,Impulse,Small (20g),Local Specialty,Modern Trade,70,91.6,-1.03,465,32550,0.23,7398.97
Japan,High-SEC,Impulse,Small (20g),Local Specialty,Traditional Trade,30,32.87,-1.01,512,15360,0.38,5807.8
Japan,High-SEC,Impulse,Small (20g),Health-Oriented,7-Eleven,10,13.78,-0.57,524,5240,0.47,2458.74
Japan,High-SEC,Impulse,Small (20g),Health-Oriented,Modern Trade,100,128.12,-0.92,503,50300,0.47,23639.64
Japan,High-SEC,Impulse,Small (20g),Health-Oriented,Traditional Trade,70,86.32,-0.96,485,33950,0.32,10739.38
Japan,High-SEC,Impulse,Medium (50g),Classic Salted,7-Eleven,10,11,-0.47,458,4580,0.25,1153.45
Japan,High-SEC,Impulse,Medium (50g),Classic Salted,Modern Trade,10,11.08,-1.09,455,4550,0.43,1958.89
Japan,High-SEC,Impulse,Medium (50g),Classic Salted,Traditional Trade,100,117.35,-0.94,498,49800,0.43,21356.22
Japan,High-SEC,Impulse,Medium (50g),Spicy,7-Eleven,20,24.73,-0.88,511,10220,0.2,2073.25
Japan,High-SEC,Impulse,Medium (50g),Spicy,Modern Trade,30,38.46,-0.61,503,15090,0.3,4592.36
Japan,High-SEC,Impulse,Medium (50g),Spicy,Traditional Trade,30,35.41,-0.88,510,15300,0.41,6337.96
Japan,High-SEC,Impulse,Medium (50g),Local Specialty,7-Eleven,30,35.9,-0.96,494,14820,0.27,4074.91
Japan,High-SEC,Impulse,Medium (50g),Local Specialty,Modern Trade,10,12.03,-0.73,530,5300,0.47,2508.51
Japan,High-SEC,Impulse,Medium (50g),Local Specialty,Traditional Trade,50,66.01,-1.48,507,25350,0.46,11628.06
Japan,High-SEC,Impulse,Medium (50g),Health-Oriented,7-Eleven,5,6,-1.16,512,2560,0.27,682.11
Japan,High-SEC,Impulse,Medium (50g),Health-Oriented,Modern Trade,10,11.91,-1.15,522,5220,0.34,1759.7
Japan,High-SEC,Impulse,Medium (50g),Health-Oriented,Traditional Trade,5,5.77,-0.77,507,2535,0.33,830.21
Japan,High-SEC,Impulse,Large (100g),Classic Salted,7-Eleven,10,11.05,-0.86,497,4970,0.23,1129.89
Japan,High-SEC,Impulse,Large (100g),Classic Salted,Modern Trade,5,5.55,-0.64,480,2400,0.32,777.19
Japan,High-SEC,Impulse,Large (100g),Classic Salted,Traditional Trade,70,87.09,-1.05,497,34790,0.26,9082.3
Japan,High-SEC,Impulse,Large (100g),Spicy,7-Eleven,20,21.13,-1.31,531,10620,0.32,3436.93
Japan,High-SEC,Impulse,Large (100g),Spicy,Modern Trade,50,59.99,-0.83,504,25200,0.25,6381.76
Japan,High-SEC,Impulse,Large (100g),Spicy,Traditional Trade,20,22.91,-1.2,472,9440,0.26,2494.55
Japan,High-SEC,Impulse,Large (100g),Local Specialty,7-Eleven,30,35.48,-1.33,514,15420,0.24,3749.38
Japan,High-SEC,Impulse,Large (100g),Local Specialty,Modern Trade,100,115.64,-1.49,522,52200,0.38,19933.35
Japan,High-SEC,Impulse,Large (100g),Local Specialty,Traditional Trade,100,129.28,-1.12,463,46300,0.26,11872.13
Japan,High-SEC,Impulse,Large (100g),Health-Oriented,7-Eleven,50,51.15,-0.99,510,25500,0.2,5192.34
Japan,High-SEC,Impulse,Large (100g),Health-Oriented,Modern Trade,70,101.09,-0.34,506,35420,0.37,13176.97
Japan,High-SEC,Impulse,Large (100g),Health-Oriented,Traditional Trade,10,12.44,-0.39,524,5240,0.27,1420.96
Japan,High-SEC,Impulse,Multi-pack,Classic Salted,7-Eleven,20,24.06,-0.61,500,10000,0.42,4170.74
Japan,High-SEC,Impulse,Multi-pack,Classic Salted,Modern Trade,20,20.55,-0.53,486,9720,0.33,3187.94
Japan,High-SEC,Impulse,Multi-pack,Classic Salted,Traditional Trade,50,69.67,-0.44,500,25000,0.43,10652.5
Japan,High-SEC,Impulse,Multi-pack,Spicy,7-Eleven,20,24.51,-1.24,493,9860,0.42,4114.84
Japan,High-SEC,Impulse,Multi-pack,Spicy,Modern Trade,30,31.95,-1.07,485,14550,0.42,6154.65
Japan,High-SEC,Impulse,Multi-pack,Spicy,Traditional Trade,10,11.54,-1.2,497,4970,0.49,2458.28
Japan,High-SEC,Impulse,Multi-pack,Local Specialty,7-Eleven,50,56.36,-1.39,506,25300,0.33,8238.38
Japan,High-SEC,Impulse,Multi-pack,Local Specialty,Modern Trade,30,35.43,-0.98,452,13560,0.35,4765.28
Japan,High-SEC,Impulse,Multi-pack,Local Specialty,Traditional Trade,70,75.29,-1.2,527,36890,0.3,11003.18
Japan,High-SEC,Impulse,Multi-pack,Health-Oriented,7-Eleven,20,24.9,-1.25,499,9980,0.4,4006.08
Japan,High-SEC,Impulse,Multi-pack,Health-Oriented,Modern Trade,20,25.89,-1.3,522,10440,0.24,2486.33
Japan,High-SEC,Impulse,Multi-pack,Health-Oriented,Traditional Trade,10,12.06,-1.02,476,4760,0.28,1327.92
Japan,High-SEC,Top-up,Small (20g),Classic Salted,7-Eleven,10,9.89,-0.36,481,4810,0.3,1451.13
Japan,High-SEC,Top-up,Small (20g),Classic Salted,Modern Trade,100,133.39,-1.33,527,52700,0.4,20956.5
Japan,High-SEC,Top-up,Small (20g),Classic Salted,Traditional Trade,10,10.91,-0.91,516,5160,0.4,2066.34
Japan,High-SEC,Top-up,Small (20g),Spicy,7-Eleven,70,101.92,-0.43,454,31780,0.41,13188.37
Japan,High-SEC,Top-up,Small (20g),Spicy,Modern Trade,50,49.84,-1.34,500,25000,0.34,8574.65
Japan,High-SEC,Top-up,Small (20g),Spicy,Traditional Trade,30,32.04,-0.58,483,14490,0.5,7210.29
Japan,High-SEC,Top-up,Small (20g),Local Specialty,7-Eleven,30,38.64,-1,518,15540,0.24,3681.01
Japan,High-SEC,Top-up,Small (20g),Local Specialty,Modern Trade,30,37.44,-1.26,494,14820,0.3,4503.5
Japan,High-SEC,Top-up,Small (20g),Local Specialty,Traditional Trade,50,66.5,-0.8,491,24550,0.3,7430.79
Japan,High-SEC,Top-up,Small (20g),Health-Oriented,7-Eleven,100,129.6,-1.4,459,45900,0.29,13336.26
Japan,High-SEC,Top-up,Small (20g),Health-Oriented,Modern Trade,50,53.34,-1.03,484,24200,0.32,7821.68
Japan,High-SEC,Top-up,Small (20g),Health-Oriented,Traditional Trade,30,39.51,-0.64,501,15030,0.21,3194.84
Japan,High-SEC,Top-up,Medium (50g),Classic Salted,7-Eleven,5,7.33,-0.4,449,2245,0.46,1023.92
Japan,High-SEC,Top-up,Medium (50g),Classic Salted,Modern Trade,70,84.68,-1.21,530,37100,0.42,15572.22
Japan,High-SEC,Top-up,Medium (50g),Classic Salted,Traditional Trade,50,60.98,-0.97,498,24900,0.41,10132.96
Japan,High-SEC,Top-up,Medium (50g),Spicy,7-Eleven,50,62.69,-0.92,470,23500,0.22,5154.66
Japan,High-SEC,Top-up,Medium (50g),Spicy,Modern Trade,10,13.91,-0.89,523,5230,0.38,2011.91
Japan,High-SEC,Top-up,Medium (50g),Spicy,Traditional Trade,30,39.49,-1.48,513,15390,0.37,5689.18
Japan,High-SEC,Top-up,Medium (50g),Local Specialty,7-Eleven,70,74.79,-0.4,471,32970,0.2,6637.12
Japan,High-SEC,Top-up,Medium (50g),Local Specialty,Modern Trade,20,26.62,-0.39,468,9360,0.3,2807.09
Japan,High-SEC,Top-up,Medium (50g),Local Specialty,Traditional Trade,30,32.24,-0.8,496,14880,0.3,4402.93
Japan,High-SEC,Top-up,Medium (50g),Health-Oriented,7-Eleven,50,57.22,-0.53,513,25650,0.41,10502.01
Japan,High-SEC,Top-up,Medium (50g),Health-Oriented,Modern Trade,50,56.85,-1.17,500,25000,0.24,6050.34
Japan,High-SEC,Top-up,Medium (50g),Health-Oriented,Traditional Trade,10,11.7,-1.11,505,5050,0.48,2439.19
Japan,High-SEC,Top-up,Large (100g),Classic Salted,7-Eleven,20,25.43,-0.56,517,10340,0.39,4012.28
Japan,High-SEC,Top-up,Large (100g),Classic Salted,Modern Trade,5,5.88,-0.73,508,2540,0.5,1259.65
Japan,High-SEC,Top-up,Large (100g),Classic Salted,Traditional Trade,70,90.11,-0.45,480,33600,0.34,11587.58
Japan,High-SEC,Top-up,Large (100g),Spicy,7-Eleven,50,63.66,-0.88,524,26200,0.37,9726.9
Japan,High-SEC,Top-up,Large (100g),Spicy,Modern Trade,5,5.72,-0.76,524,2620,0.38,991.14
Japan,High-SEC,Top-up,Large (100g),Spicy,Traditional Trade,5,6.02,-0.79,475,2375,0.49,1173.29
Japan,High-SEC,Top-up,Large (100g),Local Specialty,7-Eleven,30,31.91,-1.29,511,15330,0.39,6025.7
Japan,High-SEC,Top-up,Large (100g),Local Specialty,Modern Trade,70,80.28,-1.39,533,37310,0.29,10969.54
Japan,High-SEC,Top-up,Large (100g),Local Specialty,Traditional Trade,100,97.14,-0.46,541,54100,0.46,24841.68
Japan,High-SEC,Top-up,Large (100g),Health-Oriented,7-Eleven,50,56.09,-0.56,542,27100,0.37,10110.68
Japan,High-SEC,Top-up,Large (100g),Health-Oriented,Modern Trade,70,89.59,-1.49,504,35280,0.3,10471.28
Japan,High-SEC,Top-up,Large (100g),Health-Oriented,Traditional Trade,5,5.72,-0.73,527,2635,0.46,1201.43
Japan,High-SEC,Top-up,Multi-pack,Classic Salted,7-Eleven,20,24.29,-0.96,511,10220,0.42,4301.43
Japan,High-SEC,Top-up,Multi-pack,Classic Salted,Modern Trade,70,71.92,-0.81,457,31990,0.38,12122.37
Japan,High-SEC,Top-up,Multi-pack,Classic Salted,Traditional Trade,20,23.23,-0.98,503,10060,0.42,4186.27
Japan,High-SEC,Top-up,Multi-pack,Spicy,7-Eleven,5,5.9,-0.73,489,2445,0.39,964.82
Japan,High-SEC,Top-up,Multi-pack,Spicy,Modern Trade,20,25.6,-1.49,513,10260,0.48,4953.35
Japan,High-SEC,Top-up,Multi-pack,Spicy,Traditional Trade,30,42.18,-0.52,506,15180,0.26,3963.73
Japan,High-SEC,Top-up,Multi-pack,Local Specialty,7-Eleven,50,58.46,-1.14,501,25050,0.49,12357.51
Japan,High-SEC,Top-up,Multi-pack,Local Specialty,Modern Trade,50,49.48,-1.37,542,27100,0.36,9691.18
Japan,High-SEC,Top-up,Multi-pack,Local Specialty,Traditional Trade,10,11.52,-0.74,489,4890,0.37,1826.26
Japan,High-SEC,Top-up,Multi-pack,Health-Oriented,7-Eleven,30,41.03,-0.9,505,15150,0.31,4697.82
Japan,High-SEC,Top-up,Multi-pack,Health-Oriented,Modern Trade,100,117.8,-1.38,523,52300,0.4,20798.81
Japan,High-SEC,Top-up,Multi-pack,Health-Oriented,Traditional Trade,100,118.73,-1.17,529,52900,0.29,15429.5
Japan,High-SEC,Sharing,Small (20g),Classic Salted,7-Eleven,10,9.63,-0.82,495,4950,0.41,2044.66
Japan,High-SEC,Sharing,Small (20g),Classic Salted,Modern Trade,50,61.77,-1.06,525,26250,0.42,10916.52
Japan,High-SEC,Sharing,Small (20g),Classic Salted,Traditional Trade,50,55.8,-1.33,483,24150,0.21,5047.5
Japan,High-SEC,Sharing,Small (20g),Spicy,7-Eleven,100,126.87,-1.02,504,50400,0.36,17893.05
Japan,High-SEC,Sharing,Small (20g),Spicy,Modern Trade,30,36.58,-1.45,488,14640,0.49,7103.01
Japan,High-SEC,Sharing,Small (20g),Spicy,Traditional Trade,10,13.31,-0.47,481,4810,0.26,1252.29
Japan,High-SEC,Sharing,Small (20g),Local Specialty,7-Eleven,5,5.74,-0.89,498,2490,0.35,875.26
Japan,High-SEC,Sharing,Small (20g),Local Specialty,Modern Trade,30,40.06,-1.46,471,14130,0.43,6012.37
Japan,High-SEC,Sharing,Small (20g),Local Specialty,Traditional Trade,5,6.29,-1.06,516,2580,0.43,1106.78
Japan,High-SEC,Sharing,Small (20g),Health-Oriented,7-Eleven,20,18.7,-0.63,479,9580,0.34,3266.34
Japan,High-SEC,Sharing,Small (20g),Health-Oriented,Modern Trade,100,131.68,-1.1,472,47200,0.49,23315.59
Japan,High-SEC,Sharing,Small (20g),Health-Oriented,Traditional Trade,20,22.45,-1.23,507,10140,0.22,2244.06
Japan,High-SEC,Sharing,Medium (50g),Classic Salted,7-Eleven,70,97.29,-0.88,529,37030,0.23,8364.14
Japan,High-SEC,Sharing,Medium (50g),Classic Salted,Modern Trade,100,118.86,-0.38,492,49200,0.44,21529.97
Japan,High-SEC,Sharing,Medium (50g),Classic Salted,Traditional Trade,5,6.59,-1.34,486,2430,0.44,1077.39
Japan,High-SEC,Sharing,Medium (50g),Spicy,7-Eleven,100,110.35,-1.23,502,50200,0.34,16983.17
Japan,High-SEC,Sharing,Medium (50g),Spicy,Modern Trade,50,58.58,-0.78,528,26400,0.34,8985.37
Japan,High-SEC,Sharing,Medium (50g),Spicy,Traditional Trade,50,49.87,-0.71,533,26650,0.49,13019.29
Japan,High-SEC,Sharing,Medium (50g),Local Specialty,7-Eleven,5,6.89,-0.65,551,2755,0.42,1167.68
Japan,High-SEC,Sharing,Medium (50g),Local Specialty,Modern Trade,10,10.52,-0.88,484,4840,0.37,1769.83
Japan,High-SEC,Sharing,Medium (50g),Local Specialty,Traditional Trade,30,32.19,-0.92,508,15240,0.26,3954.96
Japan,High-SEC,Sharing,Medium (50g),Health-Oriented,7-Eleven,70,92.08,-0.35,501,35070,0.32,11338.63
Japan,High-SEC,Sharing,Medium (50g),Health-Oriented,Modern Trade,20,21.77,-1.01,503,10060,0.35,3512.41
Japan,High-SEC,Sharing,Medium (50g),Health-Oriented,Traditional Trade,50,51.3,-1.34,500,25000,0.24,5946.02
Japan,High-SEC,Sharing,Large (100g),Classic Salted,7-Eleven,20,24.32,-0.71,494,9880,0.39,3866.83
Japan,High-SEC,Sharing,Large (100g),Classic Salted,Modern Trade,100,126.62,-0.58,491,49100,0.45,21905.39
Japan,High-SEC,Sharing,Large (100g),Classic Salted,Traditional Trade,20,23.49,-1.17,486,9720,0.46,4438.37
Japan,High-SEC,Sharing,Large (100g),Spicy,7-Eleven,100,122.78,-1.46,460,46000,0.26,11958.25
Japan,High-SEC,Sharing,Large (100g),Spicy,Modern Trade,100,126.99,-0.82,494,49400,0.4,19900.42
Japan,High-SEC,Sharing,Large (100g),Spicy,Traditional Trade,50,56.85,-0.66,515,25750,0.2,5150.41
Japan,High-SEC,Sharing,Large (100g),Local Specialty,7-Eleven,30,38.16,-0.37,496,14880,0.34,5102.37
Japan,High-SEC,Sharing,Large (100g),Local Specialty,Modern Trade,100,138.2,-0.38,460,46000,0.41,18679.94
Japan,High-SEC,Sharing,Large (100g),Local Specialty,Traditional Trade,70,86.71,-0.41,546,38220,0.32,12257.58
Japan,High-SEC,Sharing,Large (100g),Health-Oriented,7-Eleven,100,133.59,-1.47,489,48900,0.47,23141.36
Japan,High-SEC,Sharing,Large (100g),Health-Oriented,Modern Trade,70,85.28,-0.86,484,33880,0.48,16201.75
Japan,High-SEC,Sharing,Large (100g),Health-Oriented,Traditional Trade,50,55.83,-1.02,532,26600,0.42,11199.8
Japan,High-SEC,Sharing,Multi-pack,Classic Salted,7-Eleven,30,32.84,-0.39,497,14910,0.31,4624.37
Japan,High-SEC,Sharing,Multi-pack,Classic Salted,Modern Trade,20,23.87,-1.48,466,9320,0.41,3793.14
Japan,High-SEC,Sharing,Multi-pack,Classic Salted,Traditional Trade,100,132.5,-0.66,514,51400,0.47,24387.54
Japan,High-SEC,Sharing,Multi-pack,Spicy,7-Eleven,70,76.6,-0.91,497,34790,0.29,10169
Japan,High-SEC,Sharing,Multi-pack,Spicy,Modern Trade,100,121.22,-1.2,487,48700,0.3,14520.7
Japan,High-SEC,Sharing,Multi-pack,Spicy,Traditional Trade,100,115.81,-1.21,476,47600,0.24,11372.21
Japan,High-SEC,Sharing,Multi-pack,Local Specialty,7-Eleven,20,24.91,-0.68,509,10180,0.21,2172.67
Japan,High-SEC,Sharing,Multi-pack,Local Specialty,Modern Trade,10,8.96,-1.14,485,4850,0.29,1390.75
Japan,High-SEC,Sharing,Multi-pack,Local Specialty,Traditional Trade,100,122.24,-0.7,492,49200,0.3,14801.8
Japan,High-SEC,Sharing,Multi-pack,Health-Oriented,7-Eleven,50,50.27,-1.15,503,25150,0.22,5632.01
Japan,High-SEC,Sharing,Multi-pack,Health-Oriented,Modern Trade,70,88.45,-0.63,463,32410,0.42,13602.16
Japan,High-SEC,Sharing,Multi-pack,Health-Oriented,Traditional Trade,30,35.65,-0.77,523,15690,0.27,4180.61
Japan,High-SEC,Health-conscious,Small (20g),Classic Salted,7-Eleven,100,149.43,-0.85,504,50400,0.47,23721.95
Japan,High-SEC,Health-conscious,Small (20g),Classic Salted,Modern Trade,50,63.62,-0.45,466,23300,0.35,8120.44
Japan,High-SEC,Health-conscious,Small (20g),Classic Salted,Traditional Trade,100,120.18,-0.6,472,47200,0.42,19801.95
Japan,High-SEC,Health-conscious,Small (20g),Spicy,7-Eleven,20,26.42,-1.3,490,9800,0.3,2988.59
Japan,High-SEC,Health-conscious,Small (20g),Spicy,Modern Trade,100,111,-0.83,466,46600,0.31,14491.04
Japan,High-SEC,Health-conscious,Small (20g),Spicy,Traditional Trade,10,13.42,-0.72,515,5150,0.47,2396.82
Japan,High-SEC,Health-conscious,Small (20g),Local Specialty,7-Eleven,5,5.4,-1.28,546,2730,0.26,716.37
Japan,High-SEC,Health-conscious,Small (20g),Local Specialty,Modern Trade,30,41.83,-1.09,522,15660,0.43,6729.65
Japan,High-SEC,Health-conscious,Small (20g),Local Specialty,Traditional Trade,5,6.86,-1.04,480,2400,0.49,1182.73
Japan,High-SEC,Health-conscious,Small (20g),Health-Oriented,7-Eleven,50,57.65,-1.13,497,24850,0.36,9006.93
Japan,High-SEC,Health-conscious,Small (20g),Health-Oriented,Modern Trade,70,87.25,-1.43,528,36960,0.46,16886.49
Japan,High-SEC,Health-conscious,Small (20g),Health-Oriented,Traditional Trade,70,88.26,-1.37,490,34300,0.26,8935.03
Japan,High-SEC,Health-conscious,Medium (50g),Classic Salted,7-Eleven,10,11.68,-0.47,512,5120,0.45,2299.26
Japan,High-SEC,Health-conscious,Medium (50g),Classic Salted,Modern Trade,30,36.94,-1,478,14340,0.35,5041.22
Japan,High-SEC,Health-conscious,Medium (50g),Classic Salted,Traditional Trade,100,133.89,-0.55,505,50500,0.26,13005.37
Japan,High-SEC,Health-conscious,Medium (50g),Spicy,7-Eleven,30,36.43,-1.44,530,15900,0.27,4356.7
Japan,High-SEC,Health-conscious,Medium (50g),Spicy,Modern Trade,50,56.14,-0.45,486,24300,0.29,7051.78
Japan,High-SEC,Health-conscious,Medium (50g),Spicy,Traditional Trade,100,136.66,-0.81,492,49200,0.46,22778.59
Japan,High-SEC,Health-conscious,Medium (50g),Local Specialty,7-Eleven,30,35.32,-0.95,503,15090,0.5,7538.74
Japan,High-SEC,Health-conscious,Medium (50g),Local Specialty,Modern Trade,70,86.8,-1.22,515,36050,0.2,7297.69
Japan,High-SEC,Health-conscious,Medium (50g),Local Specialty,Traditional Trade,100,119.8,-0.91,486,48600,0.29,14107.4
Japan,High-SEC,Health-conscious,Medium (50g),Health-Oriented,7-Eleven,50,58.76,-1.3,494,24700,0.36,8902.88
Japan,High-SEC,Health-conscious,Medium (50g),Health-Oriented,Modern Trade,20,24.08,-1.31,511,10220,0.23,2382.47
Japan,High-SEC,Health-conscious,Medium (50g),Health-Oriented,Traditional Trade,10,10.58,-0.94,459,4590,0.28,1282.08
Japan,High-SEC,Health-conscious,Large (100g),Classic Salted,7-Eleven,100,137.65,-0.39,503,50300,0.32,16120.95
Japan,High-SEC,Health-conscious,Large (100g),Classic Salted,Modern Trade,70,103.55,-0.36,519,36330,0.45,16467.04
Japan,High-SEC,Health-conscious,Large (100g),Classic Salted,Traditional Trade,10,13.24,-0.51,478,4780,0.29,1372.78
Japan,High-SEC,Health-conscious,Large (100g),Spicy,7-Eleven,70,82.22,-1.14,486,34020,0.27,9149.6
Japan,High-SEC,Health-conscious,Large (100g),Spicy,Modern Trade,5,5.69,-0.93,514,2570,0.3,759.72
Japan,High-SEC,Health-conscious,Large (100g),Spicy,Traditional Trade,70,74.56,-0.96,508,35560,0.26,9127.5
Japan,High-SEC,Health-conscious,Large (100g),Local Specialty,7-Eleven,20,23.16,-1.04,529,10580,0.3,3200.59
Japan,High-SEC,Health-conscious,Large (100g),Local Specialty,Modern Trade,70,88.35,-0.68,499,34930,0.49,16989.65
Japan,High-SEC,Health-conscious,Large (100g),Local Specialty,Traditional Trade,70,68.28,-0.94,513,35910,0.26,9411.86
Japan,High-SEC,Health-conscious,Large (100g),Health-Oriented,7-Eleven,10,12.2,-0.4,530,5300,0.23,1228.47
Japan,High-SEC,Health-conscious,Large (100g),Health-Oriented,Modern Trade,100,116.62,-0.76,508,50800,0.26,12999.47
Japan,High-SEC,Health-conscious,Large (100g),Health-Oriented,Traditional Trade,50,56.86,-1.38,491,24550,0.21,5229.62
Japan,High-SEC,Health-conscious,Multi-pack,Classic Salted,7-Eleven,100,109.41,-0.72,498,49800,0.33,16349.72
Japan,High-SEC,Health-conscious,Multi-pack,Classic Salted,Modern Trade,50,57.5,-0.35,480,24000,0.42,10099.33
Japan,High-SEC,Health-conscious,Multi-pack,Classic Salted,Traditional Trade,20,25.51,-1.05,498,9960,0.38,3811.69
Japan,High-SEC,Health-conscious,Multi-pack,Spicy,7-Eleven,20,24.2,-1.15,475,9500,0.36,3417.08
Japan,High-SEC,Health-conscious,Multi-pack,Spicy,Modern Trade,5,6.11,-0.75,478,2390,0.42,994.47
Japan,High-SEC,Health-conscious,Multi-pack,Spicy,Traditional Trade,5,5.77,-0.86,493,2465,0.38,944.39
Japan,High-SEC,Health-conscious,Multi-pack,Local Specialty,7-Eleven,10,12.18,-1.41,497,4970,0.23,1134.84
Japan,High-SEC,Health-conscious,Multi-pack,Local Specialty,Modern Trade,30,37.35,-0.31,550,16500,0.48,7920.4
Japan,High-SEC,Health-conscious,Multi-pack,Local Specialty,Traditional Trade,30,39.05,-1,496,14880,0.43,6433.27
Japan,High-SEC,Health-conscious,Multi-pack,Health-Oriented,7-Eleven,70,81.18,-1.46,506,35420,0.3,10760.06
Japan,High-SEC,Health-conscious,Multi-pack,Health-Oriented,Modern Trade,20,23.14,-1.1,467,9340,0.21,1961.69
Japan,High-SEC,Health-conscious,Multi-pack,Health-Oriented,Traditional Trade,20,19.76,-0.94,553,11060,0.48,5351.71